variable,H2,CO2,CH4,Formate,Acetate,Propionate,Butyrate,ID_1,ID_2,ID_3,ID_4,ID_5,ID_6,ID_7,ID_8,ID_9,ID_10,ID_11,ID_12,ID_13,ID_14,ID_15,ID_16,ID_17,ID_18,ID_19,ID_20,ID_21,ID_22,ID_23,ID_24,ID_25,ID_26,ID_27,ID_28,ID_29,ID_30,ID_31,ID_32,ID_33,ID_34,ID_35,ID_36,ID_37,ID_38,ID_39,ID_40,ID_41,ID_42,ID_43,ID_44,ID_45,ID_46,ID_47,ID_48,ID_49,ID_50,ID_51,ID_52,ID_53,ID_54,ID_55,ID_56,ID_57,ID_58,ID_59,ID_60,ID_61,ID_62,ID_63,ID_64,ID_65,ID_66,ID_67,ID_68,ID_69,ID_70,ID_71,ID_72,ID_73,ID_74,ID_75,ID_76,ID_77,ID_78,ID_79,ID_80,ID_81,ID_82,ID_83,ID_84,ID_85,ID_86,ID_87,ID_88,ID_89,ID_90,ID_91,ID_92,ID_93,ID_94,ID_95,ID_96,ID_97,ID_98,ID_99,ID_100,ID_101,ID_102,ID_103,ID_104,ID_105,ID_106,ID_107,ID_108,ID_109,ID_110,ID_111
1,0.87875594075574,0,0,0,0,-0.0162577974885076,0.0589175288693662,0,0,0,0,0,0,0,0,0,0,0,0,0,0,0,0,0,0,0,0,0,0,0.00608713005827305,0,0,0,0,0,0,0,0,0,0,0,0,0,0,0,-0.00443751298863248,0,0,0,0,0,0,0,0,0,0,0,0,0,0,0,0,0,0,0,0,-0.00764242204191711,0.0391703821629057,0,0,0,0,0,0,0,0,0,0,0,0,0,0,-0.0178087285262694,0,0,0,0,0,-1.47975577074936e-4,0,0,0,0,0,-0.0052868808049293,0,-7.56044723822035e-4,0,0,0,0,0,0,0,0,0,0,-0.0138962841330964,0,0,0,0,0,0,0,0,-0.015623730052179,0
2,-0.0420103779538835,0.133201685253252,0,0,0,0,0,0,0,0,0,0,0,0,0,0,0,0,0,0,0,-0.168446204119544,0.145786248635161,0,0,0,0,0,0,0,0,0,0,0,0,0,0,0,0,0,0,0,0,0,0,0,0,0,0,0,0,0,0,0,0,0,0,0,0,0,0,0,0,0,0,0,0,0,0,0,-0.32005126588144,0,0,0,0,0,0,0,0,0,0,0,0,0,0,-0.148333223524866,0,0,0,0,0,0,0,0,0,0,0,0,0,0,0,0,0,0,0,0,0,0,0,0,0,0,0,0,0,0,0,0
3,0.0270858094001221,0,0.334860052218528,0,0,0,0,0,0,-0.00371473090216397,0.00360387230809273,0,0.00373307198618748,0,0,0,0,0,0,0,0,0.0663093089336435,-0.011858207225105,0,0,0,-0.00618166605357387,-0.00860564717619423,0,0.00621033712586953,0.00642590308304111,0,0,0.0134630478156449,0,0,-0.027514871806346,0,0,0,-0.00493469964021268,-3.07156781498764e-4,0.0209267846924403,0,-5.1068922454783e-4,0,-0.00125515217538241,0,0.00272236435056831,0,0,0,0,0,0,0,0,0,0,0,0,0,-0.0336018131817977,0.0218928014528956,-0.00162702173643148,-8.32365423649248e-4,0,0,0,0,0.0351978608182774,0,0.00395613123144399,0,0.0701122420906146,0,-0.0297443805540899,-0.0175641876649612,0.0243867169992624,0,0,0,0,0,0,0.0592089994035462,0,0,0,0,0,0,0,-0.0249297877888866,0,0,0,-5.99226578863683e-4,0,4.26348637023002e-4,0,0,0,0,0.0217652553961709,0,0,0,0,0,0,0,0,0.0226272154021196,0,0.00567228581773164,0,0.0531405253661905
4,0,0,0,-0.0822431091179896,0,0,0,0,0,0,0,0,0,0,0,0,0,0,0,0,0,0,0,0,0,0,0,0,0,0,0,0,0,0,0,0,0,0,0,0,0,0,0,0,0,0,0,0,0,0,0,0,0,0,0,0,0,0,0,0,0,0,0,0,0,0,0,0,0,0,0,0,0,0,0,0,0,0,0,0,0,0,0,0,0,0,0,0,0,0,0,0,0,0,0,0,0,0,0,0,0,0,0,0,0,0,0,0,0,0,0,0,0,0,0,0,0,0
5,-0.129342577126871,0,0,0,0.694477500997404,-0.235598559101121,0,0,0,0,0,0,-0.0702382284095225,0,0,0,0,0,0,0,0,0,0,0,0,0,0,0,0,0,0,0,0,0,0,0,-0.106235414889769,0,0,0,0,0,0,0,0,0,0,0,0,0,0,0,0,0,0,0,0,0,-0.0750005393754394,0,0,0,0,-0.0776618675039624,0,0,-0.0732841821045575,0.126322267512313,0,0,-0.130367298515588,0,-0.00730760879909278,0,0,0,0,0,0,0,0,0,-0.0589490695928098,0,0,-0.0315608240523338,0,-0.0530940803316325,0,0,0,0,0,-0.0244075340620411,0,0,0,0,0,0,0,0,0,0,0,0,0,0,0,0,0,0,0,0,0,0,0,0
6,0,0,0,0,0,0.133649739711086,0,0,0,0,0,0,0,0,0.208020309919084,0,0,0,0,0,0,0,0,0,0,0,0,0,0,0,0,0,0,0,0,0.00848115439209452,-0.0641239181759439,0,0,0,0,0,0.0179975823095253,0,0,0,0,0,-0.0617467090739158,-0.036028655625951,0,0,0,0,0,0,0,0,0,0,0.0889859151975257,0,0,0,0,0,0,0,0,0,0,0,-0.0710130870729201,0,0,0,0,0,0,0,0,0,0.0119792835624011,0,0,0,0,0,0,0,0.0829313320366251,0,0,-0.0785911890205781,-0.0845674759274592,0,0,0,0,0,0,0,0,0,0.0734634407106552,0,0,0,0,0,0,0,0.0164126220367512,-0.0247527532528813,0,0.100727519731438,0,0
7,0,0,0,0,0,-0.0197313167606108,1.01346803700708,0,0,0,0,0,0,0,0,0,0,0,0,0,0,0,0,0,0,0,0,0,0,0,0,0,0,0,0,0,0,0,0,0,0,0,0,0,0,0,0,0,0,0,0,0,0,0,0,0,0,0,0,0,0,0,0,0,0,0,0,0,0,0,0,0,0,0,0,0,0,0,0,0,0,0,0,0,0,0,0,0,0,0,0,0,0,0,0,0,0,0,0,0,0,0,0,0,0,0,0,0,0,0,0,0,0,0,0,0,0,0
8,0.0327042400493584,0.031585305583127,0,0,-0.0929423750264837,0,0,0.0654162245595917,0,0,0,0,0,0,0,0.0517581918629068,0,0,0,0,0,0,0,0,0,0,0,0,0,-0.170995670104058,0.0561324549531701,0,0.0515166822799765,0,0.177714439771139,0,-0.132185148426193,0,0,0,0.125941776580086,0,0,0,0,-0.027636069724092,0,0,0.0750718756062872,0.0765197887886843,0,0,0,0,0.206216144531097,0,0,0.0603302563716435,0,0,0,0,0.221261423056195,0,0,0,0,0,0,0,0,0,0,0,0,0,0,0,0,0,0,0,0,0,0,0,0,0,0,0,0,0,0,0,0,0,0,0,0,0,0,0,0,0,0,0,0,0,0,0,0,0,0,0,0,-0.138502779667707,0,0
9,0.0615826228464771,0,0,0,-0.174666281920444,0,0,0,0.377751147244321,0,0,4.51799299955809e-4,0,0,-0.0489865277514595,0,0,0,0.117502560284873,0,0,0.013914742404368,0,-0.0253208242596233,0,0.0172450629918054,0,0,0.0101237260814454,-0.00833129079397528,0,0,0,0.161002790298866,0.0955033207143801,0.0248924988514516,-0.0190253333197562,-0.027696159126764,0,0,0,0,0.0301036545562942,0.0108033518278504,0,-0.0183108217021169,0,0,0.0812918018232587,0,0,0,0,0,0,0,0,0.0617559162713831,0,0,0,0,0,0,0,0,0,-0.129306360563588,0,0,-0.140176812555938,0,0,0,-2.57455330739252e-4,0.00935895591015722,0,0,0,0,0.081477484738173,-0.00196993823013497,0,0.022756025872426,0,0.019726854680406,0,0,0,0,0,0,0,0,0,0,0.0222379233368691,0,-0.00673162228266219,0,0,0,0,0.0369425066652362,0.00623388360727773,0,0.00552779319475146,0,0,0,0,-0.292413211443444,0.0307840900459143,0.179795360331881,0,0,0,0
10,0,0,-2.8526650063685e-4,0,0,0,0,0,0,0.998865788011523,0,0,0,0,0,0,0,0,0,0,0,0,0,0,0,0,0,0,0,0,0,0,0,0,0,0,0,0,0,0,0,0,0,0,0,0,0,0,0,0,0,0,0,0,0,0,0,0,0,0,0,0,0,0,0,0,0,0,0,0,0,0,0,0,0,0,0,0,0,0,0,0,0,0,0,0,0,0,0,0,0,0,0,0,0,0,0,0,0,0,0,0,0,0,0,0,0,0,0,0,0,0,0,0,0,-0.0132206270842579,0,0
11,0,0,0,0,0,0,0,0,0,0,0.89994252630836,0,0,0,0,0,0,0,0,0,0,0,0,0,0,0,0,0,0,0,0,0,0,0,0,0,0,0,0,0,0,0,0,0,0,0,0,0,0,0,0,0,0,0,0,0,0,0,0,0,0,0,0,0,0,0,0,0,0,0,0,0,0,0,0,0,0,0,0,0,0,0,0,0,0,0,0,0,0,0,0,0,0,0,0,0,0,0,0,0,0,0,0,0,0,0,0,0,0,0,0,0,0,0,0,0,0,0
12,0,0,0,0,0,0,0,0,0,0,0,1.01618886546505,0,0,0,0,0,0,0,0,0,0,0,0,0,0,0,0,0,0,0,0,0,0,0,0,0,0,0,0,0,0,0,0,0,0,0,0,0,0,0,0,0,0,0,0,0,0,0,0,0,0,0,0,0,0,0,0,0,0,0,0,0,0,0,0,0,0,0,0,0,0,0,0,0,0,0,0,0,0,0,0,0,0,0,0,0,0,0,0,0,0,0,0,0,0,0,0,0,0,0,0,0,0,0,-0.0391690951565934,0,0
13,0,0,0,0,-0.0971412064991682,-0.00455829412201173,0,0,0.242939207706867,0,0.197226793476861,0,-0.0630200360458224,-0.0385614216306245,0,0,0,0,0.0508908374071089,0,0,0,0,-0.0313180380281414,0,0.0582447302997185,0,0,0.263142535277697,0,0,-0.010532558522389,0,0.0198554867690781,-0.0727369748352314,0.0119735551529495,0.0152228934958641,0,-0.315089711204965,0,0,0,0.0864454187899705,-0.0184177941187872,0,0,0,0,0,0,0,0,0,0,0,0,0,0,0,5.0761550685773e-4,0,0,0,0,0,0,0,-0.0131550706756968,0,0,0,0,0,0,0,0,0,0,0,0,0,-0.0494404287488169,0,0.0117284780912913,0,0,0,0,0,0,-0.0936673507028126,0,0.00196923058383541,0,0.0118718891452352,0,0.265414547251845,0,0,0,0,0,-0.0208239172744772,0,0.0197188589164096,0,0,0,0,0,0,0,0,-2.70457012799244e-5,0,0,0,0
14,0,0,0,0,-0.16715319896241,0,0,0,0,0,0,0,0,0.35617557481868,-0.0796522065845605,0,0,0,0,0,0,0,0,0,0,0,0,0,0,0,0,0,0,0,0,0.0203934084959821,0,0,0,0,0,0,0.0209012396694184,0,0,0,0,0,0,0,0,0,0,0,0,0.0019200507446682,0,0,0,0,0,0,0,0,0,0,0,0,0,0,0,0,0,0,0.0113345734146073,0,0,0,0,0,0,0,0,0.129812403066539,0,0,0,0,0,0,0,0,0,0,0,0,0.28837541586758503,0,0,0,0,0,0,0,-0.0579193114050013,0,0,0,0,0,0,0,0,0,0,0,0,0
15,0,0,0,0,-0.0232500900469416,0,0,0,0,0,0,0,0,0,0.886069125069548,0,0,0,0,0,0,0.00778191829000141,-0.0624853623625315,0,0,0,0,0,0,0,0,0,0,0,0,0,-0.092477175951765,0,0.00655716956428445,0,0,0,-0.0135404448206962,0,0,0,0,0,0,0,0,0,0,0,0,0,0,0,0,0,0,0,-0.0635554205935693,0,0,0,0,0,0,0,0,-0.0627283890206608,0,0,0,0.0226122752217153,0,0,0,0,0,0,0,0,0,0,0,0,0,0,0,0,0.0143477654359855,0,0,0.0280320589430196,0.0915028186670864,0,0,0,0,0,0,-0.039588155547066,0,0,0.0498503427845136,0,0,0,0,0,0,0,0,0,0,0
16,0,0.00956030496968481,0,0,0,0,0,0,0,0,0,0,0,0,0,0.890101800474827,0,0,0,0,0,0,0,-0.0204228827622502,0,0,0,0,0,0,-0.0545270559413489,0,0.0306354496515105,0,0,0,0,0,0,0,0,0,0,0,0,0,0,0,0,0,-0.123972263709646,0,0,-0.0119037623824527,0,0.0212724260748597,0.12808519644115,0,0,0,0,0,0,-0.0742398484085677,2.5137739009275e-4,0,0,-0.0106562109298614,0,0,0,0,0,0,0,0,0.196176300875925,0,0,0,0,0,0,0,0,-0.00920037343967862,0,0,0,0,0.0687574636596742,0,0,0,0,0,0,0,0,-0.0160644994777811,0,-0.0745321865445629,0,0,0,0,0,0,0,0,0,0,0,0,0,-0.0373291026499872,0,0
17,0,0,0,0,0,0,0,0,0,0,0,0,0,0,0,0,0,0,0,0,0,0,0,0,0,0,0,0,0,0,0,0,0,0,0,0,0,0,0,0,0,0,0,0,0,0,0,0,0,0,0,0,0,0,0,0,0,0,0,0,0,0,0,0,0,0,0,0,0,0,0,0,0,0,0,0,0,0,0,0,0,0,0,0,0,0,0,0,0,0,0,0,0,0,0,0,0,0,0,0,0,0,0,0,0,0,0,0,0,0,0,0,0,0,0,0,0,0
18,0,0,0,0,0,0,0,0,0,0,0,0,0,0,0,0,0,1.20585344965511,0,0,0,0,0,0,0,0,0,0,0,0,0,0,0,0,0,0,0,0,0,0,0,0,0,0,0,0,0,0,0,0,0,0,0,0,0,0,0,0,0,0,0,0,0,0,0,0,0,0,0,0,0,0,0,0,0,0,0,0,0,0,0,0,0,0,0,0,0,0,0,0,0,0,0,0,0,0,0,0,0,0,0,0,0,0,0,0,0,0,0,0,0,0,0,0,0,0,0,0
19,0,0,0,0,0,0,0,0,0,0,0,0.00577886391523102,0,0,0,0,0,0,0.344025721535808,0,0.106551155566727,0,0,0,0,0,0,0,0,-0.0718613733286386,0.118803742158675,0,0,0,0.0673105777242462,0,0,0.00971863722178083,0,0,0,0,0,0,0,-0.0788661518924821,0,0,0,0.0463813988418203,0,0,0.0129964506927965,0,0.04113199902954,0,0,0,0.0592091460813916,0,0,0,0.00511937710058705,0,0,0,0,0,0,0,0,0,0,0,0,0,0,0,0,0,0.0359755725957423,0,0,0,0,0,0,0,0,0,0,0,0.0141908893223803,0,0,0,0,0,0,0,0,1.41794019379572e-4,0,0.0163099668155466,0,0,0,0,0,0.0250247711546764,0,0,0,0,0,-0.0910637341797269,0,0
20,0,0,0,-0.183521497427597,0,0,0,0,0,0,0,0,0,0,0,0,0,0,0,1.0639422351304,0,0,0,0,0,0,0,0,0,0,0,0,0,0,0,0,0,0,0,0,0,0,0,0,0,0,0,0,0,0,0,0,0,0,0,0,0,0,0,0,0,0,0,0,0,0,0,0,0,0,0,0,0,0,0,0,0,0,0,0,0,0,0,0,0,0,0,0,0,0,0,0,0,0,0,0,0,0,0,0,0,0,0,0,0,0,0,0,0,0,0,0,0,0,0,0,0,0
21,0,0,0,0,0,0,0,0,0,0,0,0,0,0,0,0,0,0,0,0,0.951163264612694,0,0,0,0,0,0,0,0,0,0,0,0,0,0,0,0,0,0,0,0,0,0,0,0,0,0,0,0,0,0,0,0,0,0,0,0,0,0,0,0,0,0,0,0,0,0,0,0,0,0,0,0,0,1.6851514224996e-16,0,0,0,0,0,0,0,0,0,0,0,0,0,0,0,0,0,0,0,0,0,0,0,0,0,0,0,0,0,0,0,0,0,0,0,0,0,0,0,0,0,0,0
22,0.108725331133161,-0.0129820529070457,0,-0.00726806595159076,-0.0704163928205803,0.00304717312725046,0,-0.00350913116915875,0,0,0.0689819687948239,0,-0.0259656440156378,0.0741110959191224,-0.0180325744709578,-0.0116084311969397,0,0,0.0781426724642535,0,0,-0.156005016908056,-0.0240884437369277,0.0287347670285955,0,0.0264787940387615,-1.39451611827455e-4,0,0.0752814704713397,0,0,0,0,0.040444062424388,0,0,0.0211301495156225,0.00130290801483384,-0.0484285575154154,-0.00399336454513084,0,0,0.0307504073118014,-0.0393276663496388,0,0,-0.00476246785723458,7.64766227346199e-5,0.0540454123609008,-0.0282021683035696,-0.00327823380953541,-0.0106723625866724,0,0,-0.00688614177481635,-0.0122740920744935,0,0,0.0202434055263266,0.0257812232002028,0.207920335523821,-0.00292896886800396,-0.0279750051576254,0,-0.0194831096238809,-0.0263751573994712,0,-0.0349942667962184,-0.00258860361774291,0,0,-0.00866077231276475,0,0,0,0,-0.00973985963232201,0.0148940310102025,0.00810493739716474,0,0,0.0625851853788924,-0.0243005116749985,0.0351433224104351,-0.00711738016459551,0.0354206714534784,0,-0.0109189156525742,-0.0018048431083997,-0.00859059457911636,-0.0660800020156643,0,0.00729723792320508,-0.0177769044423629,-0.0265018873752473,0,0.0894451477809679,-0.00179219099337984,0,0.00257518070396473,-0.00277913646986814,-0.037249019715661,0,0,0.0319017685987414,0,-0.0036757580569369,-0.0071562582972267,-0.0397474773067093,-0.0177375344896585,0,-0.0623019227119918,0.00110250169924291,0,0,0,0,0.0164233601197539
23,0,0,0.0122481471148856,0,0,0,0,0,-0.21624902042994,0,0,0,0.13565919070475,-0.0262577090253658,0,0,0,0,0,0,0,0,0.279227357738792,0,0,0,0,0,-0.192125337766717,0,-0.071198168525402,-0.0296967017453612,0.0356955844600924,0,0.00199723083095266,0,0,0,0,0,0,0,-0.126698858097928,0,0,0,0,0,0.0324770790529168,0,0,0,0,0,0,0,0,0,0,0,-0.00958414236451274,0,0,0.0889163865098195,-0.00732065595099497,0,0.0148912792769058,0,0,0,0,0,0,0,0.246198797777389,0,-0.0546533390428415,-0.0313785903604741,0,0,0,0,-0.0375955180319091,0.138579762608935,0,-0.00537331263411259,0,0,0,-0.00885540891145559,0.115902443497166,0,0,0,0.253358505996643,0,0,0,0,0.00388432161130759,0,0,0.167456203331357,-0.25232459705113103,0,0,0.105340751984089,0,0,-0.0109760103617248,0,0,0.28142246996125603,-0.00552421542533048,0,0,0,0
24,0,0,0,0,0,0,0,0,0,0,0.00383313343385334,0,0,0,0,0,0,0,0,0,0,0,0,0.871857876117789,0,0,0,0,0,0,0,0,0.0204160234566823,0,0,0,0,0,0,0,0,0,0.0207427438150858,0,0,0,0,0,0,0,0,0,0,0,0,0,0,0,0,0,0,0,0,0,0,0,0.0290649561427751,-0.0625025075098067,0,0,0,0,0,0,0,0,0,0,0,0,0,0,-0.10601865038276,0,0,0,0,0,0,0,0,0,0,0.106743783280977,0,0.0989782350635535,0,0,0,0,0,0,0.108802286353701,-0.0200267745376373,0,0,0,0,0,0,0,-0.0566237594773724,0,0,0,0,0,0
25,0,0.0707842559472818,-0.0728196883021293,0,-0.091286664647298,-0.079726755127498,-0.129452043690055,0,0,0,0,-0.00288879578563376,-0.0379523863947784,0,-0.106493520752992,0,0,0,0.0514837083186813,0,0,0,0,0,0.47935654621721,-0.00788108257699126,0,0,0,0,0,0,0,0,0.122913577819916,-0.0146388432878106,0,0,-0.0429034267156085,0,0,0,0,0,0,0,0,0,0.0783410668797079,0.0143076715464402,0,0,0,0.0100991548087757,0,0,0,-0.0014821535524737,0,0,-0.0119157260072339,0,0,0,0,0,0,-0.0871489215153111,0,0,-0.0100528244852745,0,0.031377916840701,0.121925470353097,0.0457742102330777,0,0,0,0,0,0,0.159480095784745,0,0.0451093547934944,0,0,0,0,0,0,0,0,0,0,-0.19225046220141,0,0.177732879031597,0,-0.0337403709773206,0,0,0,0,-0.132615697963113,0,0,0,0,0,0,0,-0.0918783714566117,0,-0.130660419915534,0,-0.00341446348511749,0,-0.0346138790918714
26,0,0.0538592928828971,0,0,-0.0176141160704592,0,0,0,0,0,0,0,0,0,0,0,0,0,0.0016418909814346,0,0,0,0,0,0,0.623094746873459,0,0,0,0,0,0,0.0651538772198187,0,0.036393674740973,0,0,0,0,0,0,0,0,0.0109747278878474,0,0,0,0,0,0,0,0,0,0,0,0,0,0,0,0,0,0,0,0,0,0,0,0,0,0,0,0,0,0,0,0,0,0,0,0,0,0,0,0.105700485379712,0,0,0,0,0,0,0,0,0,0,0,0,0,0,0,0,0,0,0,0,0,0,0.0290597882447054,0,0,0,0,0,0,0,0,0,0,0
27,0,0.14674246678675,-0.063875895675485,0,-0.0246921417179918,-0.0342120207043334,-0.272525189495468,0,-0.175374009352374,0,0,0,0,0,-0.15407539982254,0,0,0,0.036751192757439,0,0,0,-0.111835690514463,0,0,0,0.870616548232732,0,0,-0.0198303626731152,0,0,0.0542276777611204,0.0665268022490406,0.130857046069909,0.0117241199546447,0,0,-0.221442727492749,0,0,0,0.0954249910057457,0,0,0,0,-0.0475634199833339,0.0511327413530246,0.08583691551174,-0.0106400268795579,0,0,0,0,0.00692159819392598,0,0,0.00891658168244354,0,-0.107733532760947,0,0,0,0,-0.0440038171733293,0,-0.0484596728487066,0,0,-0.0449057231493181,0,0,0,0,-0.0257718832936321,0,0,0,0,0,0,0,0.149529021128931,0,0,0,0,0,0,-0.100015574030435,0,0,0,0,0,0.196074118133824,0,-0.127425086003828,0.0472370408131427,-0.0178536441653023,0,0,0,0,0,0,0,0,-0.0442194395922288,0,-0.226385352236953,0.0411795882785882,-0.0475265095508802,0,-0.0733160857837947,0,0
28,0,0.195108582964064,0,0,0,-0.17055338233894,0,0,0,0,0,0,0,0,-0.219434828959794,0,0,0,0,0,0,0,0,0,0,-0.0409556050264672,0,1.00804990629687,0,0,0,0,0,0,0,0,0,0,0,0,0,0,0,0,0,0,0,-0.247609240782535,0,0,0,0,0,0,0,0,0,0,0,0,0,0,0,0,0,0,0.031748204490192,0.147407465411348,0,0,0,0,0,0,0,0,0,0,0,0,0,0,-0.253267896069801,0,0,0,0,0,0,0,0,0,0,0,0,0,0,0,0,0,0,0,0,0,-0.0156488722827708,0,0,0,0,0,0,0,0,0,0,0,0,0
29,0,0,0,0,-0.112432251020512,0,0,0,0,0,0,0,0,0,0,0,0,0,0,0,0,0,0,0,0,0,0,0,0.896456489141557,0,0,0,0,0,0,0,0,0,0,0,0,0,0,0,0,0,0,0,0,0,0,0,0,0,0,0,0,0,0,0,0,0,0,0,0,0,0,0,0,0,0,0,0,0,0,0,0,0,0,0,0,0,0,0,0,0,0,0,0,0,0,0,0,0,0,0,0,0,0,0,0,0,0,0,0,0,0,0,0,0,0,0,0,0,0,0,0,0
30,0,0,0,0,0,0,0,0,0,0,0,0,0,0,0,0,0,0,0,0,0,0,0,0,0,0,0,0,0,0.993837831839175,0,0,0,0,0,0,0,0,0,0,0,0,0,0,0,0,0,0,0,0,0,0,0,0,0,0,0,0,0,0,0,0,0,0,0,0,0,0,0,0,0,0,0,0,0,0,0,0,0,0,0,0,0,0,0,0,0,0,0,0,0,0,0,-0.0179322386739883,0,0,0,0,0,0,0,0,0,0,0,0,0,0,0,0,0,0,0,0,0,0,0,0
31,0,0,0,0,0,0,0,0,0,0,0,0,0,0,0,0,0,0,0,0,0,0,0,0,0,0,0,0,0.683562116280546,0,0.235002135057789,0,0,0,0,0,0,0,0,0,0,0,0,0,0,0,0,0,0,0,0,0,0,0,0,0,0,0,0,0,0,0,0,0,0,0,0,0,0,0,0,0,0.0600194196981261,0,0,0,0,0,0,0,0,0,0,0,0,0,0,0,0,0,0,0,0,0,0,0,0,0,0,0,0,0,0,0,-0.232799724115996,0,0,0,0,0,0,0,0,0,0,0,0,0
32,0,0.0948688816203726,-0.11900312290319599,4.06554526582975e-4,-0.162516442015034,0,-0.154093878433559,0,0,0,0,0.00476578253071746,0,0,0,0,0,0.0158598844799736,0.255068788565599,0,0,0,-0.0928631524804496,-0.0383499137776163,0,0,0,0,0.187379830229537,-0.0434882031189612,-0.106726293298689,0.315826474659365,0.0168694959146829,0.179507084451711,0.197736954389072,0,0,0,-0.13420241157243,0,0,0,-9.90110568502041e-4,-0.0633872006387542,0,0,0,0,0,0,0,0,0,0.0442141707244856,0,0,0,0,0,0,-0.0116927608113936,0.0918880863574262,0,0,0,-0.0381358618765916,0.115017290072426,-0.100447388994749,0,0,-0.266023384997262,0,0,0,0,0,0,-0.0368715984411449,0.0116159779972935,0,0,0,-0.0513649369214284,0,0,0,0,0,-0.133501437712591,0,0,0,0,-0.0742775781137172,-0.0137104959701059,0,0.246163026402965,0,0,0,-0.242679850850349,-0.0623123344849736,0,0,-0.136158716316906,0,0,0,0,-0.0383674309852208,0.0542577919081133,-0.168966914659919,0.0336594103754851,0,0.195017167993058,-0.0242953324563113,0.0551086239833476,0
33,0,0,0,0,0,0,0,0,0,0,0,0,0,0,-0.00214490976886293,0,0,0,0,0,0,0,0,0,0,0,0,0,0,0,0.115131028022133,0,0.105304041649895,0,7.47333159719828e-4,0.0526218106567429,0,0,0,0,0,0,0,0.00149053827323823,0,0,0,0.137963709002009,0,0,0,0,0,0,0,0,0,0,0,0,0,0,0,0,0,0.142288828721726,-0.0221246098776449,0,0,0,0,0,0,0,0,0.130472720888065,0,0,0,0,0,0,0,0,0,0,0,0,0,0,0,0,0,0,0,0,0,0,0,0,0,0.0739491112978525,0,0,0,0,0,0,0,0,0,0,0,0,0,0,0,0
34,0.00296199692808471,0,0.0531857777556885,0,0,0,0.017502421403405,0,0,0,0,0,0,0,0,0,0,0,0,0,0,0.318460986242565,0,0,0,0,0,0,0,0,0,0,0,0.011211832419502899,0,0,0,0,0,-0.0878630361678478,0,0,0,0,0,-0.0595052474434175,0,0,0,0,0,0,0,-0.105081418727784,0,0,0,0,0,0,0,0,0,0,0,0,0,0,0,0,0,0,0,0,0,0,0,0,0,0,0,0,0,0,0,0,0,0,0,0,0,0,0,0,0,0,0,0,0,0,0,0,0,0.0418668908063266,0,0,0,0,0,0,0,0,0,0.202683442259382,0,0,0,0
35,0,0,-0.0918624618915414,0,0,0,-0.0932596226676352,0,0,0,0,0,0,0,0,0,0,0.11486199670369,0.317619349468627,0,0,0,0,0,0,0,0,0,0.33351197227241,0,-0.156391534805761,0,0,0.14972416277847,0.232901298738643,0.163985062920499,0.0531944592044046,0,-0.232463526889392,0,0,0,0.179701335792487,0,0,0,0,0,0,0,0,0,0,0,0,0,0,-0.0191621880975237,0.0230231778098613,0,0.0178475049062688,0,0,0,-0.0102479638133935,0,-0.0968815534375301,0,0,0,0,0,0,0,-0.238586756861679,0,0,0.0501911890243261,0,0,0,0.226652717191595,0,-0.676682792210988,0,-0.0317394253167473,0,0,0,0,0,0,0.0320516204224694,0,0,0,0,0,0,0,0,0,0,0,-0.134977653763047,0,0,0,0,0,0,-0.161310781032252,0.365964886004308,-0.0188118348882038,0,-0.140542006390061,0,0
36,0,0,0.0124225011115299,0,0,0,0,0,0.747645137734312,0,0.0572705529460492,0,0,0,0,0,0,0,0,0,0,0,0,0,0,0,0,0,0,0,0,0,0.15353658889966,0.0138111902533181,-0.0219959518898329,-0.0596182217185035,-0.0602478051193222,0,0,0,0,0,0.196258793067827,-0.137187212905905,0,0,0,-0.188054013619332,0,0,0,0,0,0,0,0,0,0,0,0,0.197208093747372,0,-0.00770571522740048,0.0313621043363616,0,0.0967622207372691,0,0,0,0,0,0,0,0,0,0,0,0,0.0222741413395936,0,0,-0.346956455780202,0,0.119235896947015,0,0,0,0,-0.0308886745136917,0,0,0,0,0,0,0.0266885263695028,0,0,0,0,0,-0.146075441887858,0.252589316679543,0,0.0125736459597031,0,0,0,0,0,0,-0.105756337567972,0.0756370622159639,0.104794512896976,0,0.137859281601294,0,0
37,0,-0.0554036320779021,0.0214411561747493,0,0,0,0,0,0.0400818566531315,0,0,0,0.101327268439644,0.0991140683578192,0,0,0,0,0,0,0,0,-0.0100518030819383,0,0,0,0,0,0,0,0.101575775957786,0,-0.00496134202481106,0,0,0,0.226707463346745,0,-0.0780884716630617,0,0,0,0,0,0,0,0,0,-0.0707726954864756,0,0,0,0,0.0179417722630876,0,0,0,0,0,0.0830978058316109,0,0,0,0.002257929138654,0,0,0,0,0,0,0,0,0,0,0,0.0480391414450843,0,0,0,0,0,0,0,0.174725140562586,0,0,-0.0863239815351578,0,0,0,0,0,0,0.0668226712651669,0.18343573267597,0,0.023829043751903,0,0.00513236426017297,0,0,0,0,0,0,0,0,0,0,0,0,0,0,0.213676901211294,0,0,0,0
38,0.014204372208258,0.0123561152558645,0,0,-0.0893522592265785,0,0,0.00574621700987544,0,-0.125012604384953,0,0,0.242520210831723,0,0,0,0,-0.0522166376939416,0,0,-0.0245326249221497,0,0,-0.0901192545473397,0,0,0,0,-0.245698395980647,0,0,-0.170596267668175,0.0113814133751544,0,-0.0418783756081303,0,0,0.920873170317766,-0.0650122175059972,-0.0410243784580829,0,0,0.0618610437873127,0,0,-0.199226550970292,0,-0.0584131397330365,-0.0611353264924779,0,-0.00145782826695436,0,0.0486061466833791,0,0,0.0151706142627612,-0.278467639597978,0,-0.187981135606647,0,0,0,0.163519423872685,0.189735474891465,0,0,0,-0.117080151473273,0,0,0,0.0740164958850015,0.174856737577572,0.118255046005743,0,0,0,0,0,0,0,0,0.0241238734006713,0,0,-0.0415309364584924,0,0,0,0,0,0,0,0,0,0,0.232380746466455,0,-0.10295599745324201,-0.143127084411484,-0.107868681478263,0.0742485988780612,0,-0.251864943295973,-0.169181482625691,0,0.053128906799954,-0.185058830370956,0,0,0.332864281180569,0,0.1554996602206,0,0,-0.0186329194708864,0,0
39,0,0,0,-0.0286078442188441,0,-0.0215266289963328,0,0,0,0,0,0,0,0,0,0,0,0,0.0562807574920597,0,0,0,0,0,0,0,0,0,0,0,0,0,0,0,0,0,-0.0608486925713578,0,0.29294817827566,0,0,0,0,0.0259914701083215,0,0,0,0,0.0272992933051728,0.0315088445784241,0.0260951887353849,0,0,0,0,0,0,0,0,0,0,0,0,-0.200463522753436,0,0,-0.103568135251023,0,0,0,0,0,0,0,0,0.0988759148495656,0,0,0,0,0,0,0.0757022020269312,0,0,0,0,0,0,0,0,0,0,0,-0.1999078764633,0,0,0,0,0,0,0,0,0,0,0,0,0.00697279359371492,0,0,0,0,0,0,0,0,0,0
40,0,0,-0.0383031078428403,0,0,0,0,0,-0.0138939038496175,0,0,0,0,0,0,0,0,0,0,0,0,0,0,0,0,0,0,0,0,0,0,0,0,0,0,0,0,0,0,0.957414618480849,0,0,0,0,0,0,0,0,0,0,0,0,0,0,0,0,0,0,0,0,0,0,0,0,0,0,0,0,0,0,0,0,0,0,0,0,0,0,0,0,0,0,0,0,0,0,0,0,0,0,0,0,0,0,0,0,0,0,0,0,0,0,0,0,0,0,0,0,0,0,0,0,0,-0.106845337774156,0,0,0,0
41,0,0.084023628754404,-0.100756237393083,0.0192115613354361,0,-0.0592590764504908,-0.0280175578140377,0,0,0,-0.0409761350573135,0,0,-0.0120557691238094,-0.0635770970488695,0,0,-0.0179228860954647,0,0.077386034906985507,0.0743589373488138,0,0,-0.141405369001154,0,-0.182080068031972,0,0.0424889797786443,0,-0.0419777745718068,0,0,0.0638837824097633,-0.0359527027071469,0.0544665759068635,0,0,-0.0186008464180784,0,0,-0.171607372280501,0,-0.0471474222194102,0.234818144166565,0,-0.207864117609003,0.0706979115863961,0,-0.0178839785239819,0.0829110386310507,0,0,0,0,0,0.127628456955921,0,-0.0169775497206443,0,0,0,0,0.167309933594496,0,0.0306598585157581,-0.00527540326359973,0,-0.00738889038629159,0,0,-0.0414978381620479,0.0723892429553747,0,0,0,0,0,0,-0.0384594303014257,0,0,0,0.108756040992909,0,0.031744263393838,-0.0463942619838274,0,0.0474184853217653,0.177001946829178,0.0402895708225735,-0.0779103456648573,0,0,0.211639439517752,0,0,0.0105918119871538,0.0268116476664699,-0.0382726626022796,0,0,0,-0.0159002545719554,-0.066309197228166,0.0402573629906233,0,0,-0.0163357794102669,0,0,0,-0.0595440818530494,-0.00228024724019628,0,0,-0.0767308904081835,0,-0.0402132552089359
42,0,0.118204939128625,-0.0114732773205557,0,-0.124583999356888,0,-0.176698124095229,0,0,0,0,0,0,0,-0.0794342100441734,0,0,0,0.110709796111428,0,0,0,-0.0473563983081856,0,0,0,0,0,0,0,-0.0557826430671943,0,0.0345803969568852,0.146888126016082,0.115905077076285,0.0186704874820325,0,0,-0.234190578687916,0,0,0.992735968738643,0.00211235284393059,0,0,0,0,-0.083634762241945,0.0614358520552766,0.0163374679236275,0,0,0,0,0,0,0,0.0131403278520565,0,0,-0.0528993796574543,0,0,0,0,-0.115265087968672,0,-0.158929502508931,0,0,-0.212959904005367,0,0,0,0,-0.024972198075562,0,0,0,0,0,0,0,0.0763275537898615,0,0,0.0439268638178132,0,0,0,-0.12880846558684,0,0,0,0,0,0.182315805638238,0,-0.075529706102257,0,-0.0220042093817156,0,0,0,0,0,0,0,-0.0449230572652226,-0.00843486587711374,0,-0.249115388742002,0,0,0,-0.0236707413088425,0,0
43,0,0.0172804360868409,0,0,0,0,-0.0316872209649973,0,0,0,0,0,0,0,0,0,0,0.0025092710039327,0,0,0,0,0,0,0,0,0,0,0,0,0.0490315847161079,0,0,0,0,0,0,0,0,0,0,0,-0.224410715942296,0,0,0,0,0,0,0.0136954831990745,0,0,0,0,0,0,0,0,0,0,0,0.0100230922616949,0,0,0,0.0383185165579364,0,0,0,0,0,0,0,0.0329115184097825,0,0,0.00355684773202969,0,0,0,0,0,0,0,0,0,0,0,0,0,0,0,0,0.0804303578399241,-0.126322959673655,0.0227605959509114,0.0102649465536483,0,0,0,0,0,0,0,-0.0954592467940159,0,0,0,0,0,0,0,0,0.0361997769460858,0,0,0,0
44,0,0.0492600650943239,0,0,0,0,0,0,0.0242930750237307,0,0,0,0,0,-0.152214975002866,0,0,0.0345249697883565,0,0,0,0,0,0,0,0,0,0,0,0,0,0,0,0,0,0,0,0,0,0,0,0,0,0.28196746635179,0,-2.81635946071224e-5,0,0,0.264434585057134,0,0,0,0,0,0,0.256485593031294,0,0,0,0,0,0,0,0,0,0,0,0,0,0,0,0,0,0,0,0,0,0,0,0,0,0,0,0,0,0,0,0,0,0,0,0,0,0,0,0,0.0489037982798347,0,0,0,0,0,0,0,0,0,0,0,0,0,0,0,0,0,0,0,0,0
45,0,0,-0.118124175893333,0,0,-0.122867908318157,-0.0291699353440992,0,0,0,0,0,0,0,0,0,0,0,0,0,0,0,-0.0792115238168604,0,0,-0.148206142783074,0,0,0,0,0,0,0.195588552388612,0.122441816790245,0,0,0,0,-0.474815132820081,0,0,0,0.0386722403601905,0,0.915888483318306,0,0,0,0,0.316460861197334,0,0,0,0,0,0.161444327669484,0,0,0,0,0,0,0,0,0,0,0,0,0,0,0,0,0,0,0,0,0,0,0,0,0,0,0,0,0,0,0,0,0,0,0,0,0,0,-0.189487772427498,0,0.201003564275276,0,-0.490013863311994,0,0,0,0,0,0,0,0,0,0,0,0,-0.0296762337175733,0,0,0,-0.0229438252400717,0,0
46,-0.00994747301768032,0.0448809679051395,0,0,0,0.0838319028385886,-0.0111431988143339,0,0,0,0,0,0,0,0,0,0,0,0,0,0,0,0,0,0,0,0,0,0,0,0,0,0,0,0,0,0,0,-0.0115838651515302,0,-0.00173793554854031,0,0,0,0,0.777730896065339,0,0,0.0286838483147468,0.0149889089000653,0,0,0,0.00306912336463553,0,0,0,-0.0666259541087151,0.00532069259404782,0,-0.0274099790022326,0,0,0,0,0,0.00960738814162282,0,0,0,0,-0.0279322846549129,0.00644623040792349,0,0,0,-0.0599137494499015,0,0,0,0,0,0,0,0,0,0,-0.00300997594987691,-0.0357990254065025,0,0,0,0,0,0,0,0,0,0,0,0,0,0,-0.00583322002907121,-0.0189817547598033,0,0,0,0,0,0,0,0.0172008169903681,0,0,-0.0168502467865437,0,0
47,0,0.0779017609504269,0,0,0,0,0,0,0,0,0,0,0,0,-0.0330392204563424,0,0,0,0,0,0,0,0,0,0,0,0,0,0.030994143943709,-0.00612694425524901,0,0,0.0870242491018326,0.0635604474438081,0.0652425158731954,0,0,-0.0384048318836145,0,0,0,0,0,0,0,-0.0129803661751199,0.914458448504358,0,0.00626298221274385,0.138454461724579,0,0,0,0,0,0,0,0.0172795819676203,0.0186333464874056,0,0,0,0,0,0,0.0219579474659419,0,-0.0161395052183145,0,0,0,0,0,0,-0.00748413007598965,0,0.0257761024266566,0.0359549242679688,0,0,0,0,0,0,0,0.0102854480265053,0,0,0,0.00113359578796725,0,0,0,0,0,0,0,0,-0.00841243986494597,0,0,-0.0103275604806143,0,-0.0550585928702425,0,0,-0.119043892523472,-0.054463990850243,0,0,0,-0.0322906678270623,-0.0930030917918965,-0.0626067229528996,0,-0.00675624418419521,0,0
48,0,0,0,0,0,0,0,0,0,0,0,0,0,0,0,0,0,0,0,0,0,0,0,0,0,0,0,0,0,0,0,0,0,0,0,0,0,0,0,0,0,0,0.105548874528494,0,0,0,0,0.188379920637109,0.0957986291677325,0,0,0,0,0,0,0,0,0,0,0,0,0,0,0,0,0,0.00278452955136554,0,0,0,0,0,0,0,0,0,0,0,0,0,0,0,0,0.39418067132534,0,0,0,0,0,0,0,0,0,0.255830923987142,0,0.123291732550784,0,0,0,0,0,0,0,0,0,0,0,0,0,0,0,0,0,0,0,0,0,0
49,0,0,-0.161995357622899,0,-0.085508631131371,-0.347003971096814,0,0,0,0,0,0,0,0,0,0,0,0,0,0,0,0,0.180867489637835,0,0,0,0,0,-0.206582131822261,0,0,0,0.0555029833441047,0,0,0,0,0,0,0,0,0,0,0,0,0,0,0.190400758019802,-0.021453767822268,0,0,0,0,0,0,0,0.026816439311258,0,0,0,0,0,0,0,0,0,0.0680520968275404,0,0,0,0,0,0.118643057190171,0,0,0,0,0,0,0,0,0.654312670136512,0,0,0,0,0,0,0,0,0,0,0,0,0,0,0,0,-0.538975696651055,0,0,0,0,0,0,0,0,0,0,0,0,0,0,0,0,0,0,0
50,0,0,0,0,0,0,-0.444905250564101,0,0,0,0,0,0,0,0,0,0,0,0,0,0,0,0,0,0,0,0,0,0,0,0,0,0,0,0.125146937750684,0,0,0,0,0,0,0,0,0,0,0,0,0,0,0.360487702411441,0,0,0,0,0,0,0,0.236184627523496,0,0,0,0,0,0,0,0,0,0.0469777148386061,0,0,0,0,0,0,0,0,0,0,0,0,0,0,0,0,0,0,0,0,0,0,0.0563431257747395,0,0,0,0,0,0,0,0,0,0,0,0,0,0,0,0,0,0,0,0,0,0,0,0,0,0,0
51,0,0,0,0,0,0.0085802958764096,-0.0327195511613447,0,0,0,0,0,0,0,0.0691654314599427,0,0,0,0,0,0,0,0,0,0,0,0,0,0,0,0,0,0,0,0.136661460091169,0,0,0,0,0.222130496416868,0,0,0,0,0,0,0,-0.125372131232419,0,0,-0.0265076550448803,0,0.15837436245534,0,0.421282625724854,0.010848367869438399,0.114233285192726,0,0,0,0,0,0,0,0,0,0.074294324191009,0,0,0,0,0,0,0,0,0,0,0,0,0,0,0,0,0,0,0,0,0,0,0,0,0,0.0100059970175965,0,0,0,0.00693660870620284,0,0,0,0,0,0,0,0,0,0,0,0,0,0,0,0,0,0,0,0,0
52,0,0,0,0,0,0,0,0,0,0,0,0,0,0,0,0,0,0,0,0,0,0,0,0,0,0,0,0,0,0,0,0,0,0,0,0,0,0,0,0,0,0,0,0,0,0,0,0,0,0,0,1.08805746145985,0,0,0,0,0,4.23053298017836e-17,0,0,0,0,0,0,0,0,0,0,0,0,0,0,0,0,0,0,0,0,0,0,0,0,0,0,0,0,0,0,0,0,0,0,0,0,0,0,0,0,0,0,0,0,0,0,0,0,0,0,0,0,0,0,0,0,0,0,0,0
53,0,0.150075279955617,0,0,0,0,-0.35049050383768,0,-0.0738021889630359,0,0,0,0,0,0,0,0,0,0,0,0,0,0,0,0,0,0,0,0,0,0,0,0,0,0,0.00925747709686724,0,0,0,0,0,0,0.00988210542470489,0,0,0,0,0,0,0,0,0,1.03272062073002,0,0,0,0,0,0,0,-0.135999549381137,0,0,0,0,0,0,0,0,0,0,0,0.0431590760094253,0.0245363398765886,0,-0.102578609702013,0,0,0,0,0,0,0,0.447545936652485,0,0,0,0,0,0,-0.101964205424039,0,0,0,-0.0183082524629351,0,0.133131730446262,0,-0.343626743815149,0,0,0,0,-0.0658220594747409,0,0,0,0,0,0,0,-0.0495828245623724,0,-0.0879829671748785,0,0,0,0
54,0,0,0,0,-0.0389014184824239,0,0,0,0,0,0,0,0,0,0,0,0,0,0.43854790387642,0,0,0,0,0,0,0,0,0,0,0,0,0,0,0,0,0,0,0,0,0,0,0,0,0,0,0,0,0,0,0,0,0,0,0.0055800492324987,0,0,0,0,0,0,0,0,0,0,0.211956919532028,0,0,0,0,0,-0.167503619867606,0,0,0,0,0,0,0,0,0,0,0,0,0,0,0,0,0,0,0,0,0,0.115594117959894,0,0,0,0,0,0,0,0,0,0,0,0,0,0,0,0,0,0,0,0,0,0,-1.9644098439458e-4,0,0
55,0,0,0,0,0,0,0,0,0,0,0,0,0,0,0,0,0,0,0,0,0,0,0,0,0,0,0,0,0,0,0,0,0,0,0,0,0,0,0,0,0,0,0,0,0,0,0,0,0,0,0,0,0,0,1.02513585118876,0,0,0,0,0,0,0,0,0,0,0,0,0,0,0,0,0,0,0,0,0,0,0,0,0,0,0,0,0,0,0,0,0,0,0,0,0,0,0,0,0,0,0,0,0,0,0,0,0,0,0,0,0,0,0,0,0,0,0,0,-0.0029701562678281,0,0
56,-0.0662154836575402,0,-0.296673484716357,0,0,0,-0.168707131334683,0,-0.402404279686161,0,0,0,0,0,0,0,0,0,0,0,0,-0.172618800350353,0,0,0,0,0,0,0.415898373907791,0,0,0,0,0,0.226734611426549,-0.32325686135985,0,0,0,0,0,0,0,0,0,0,0,0,0,0,0,0,0,0,0,0.537768380345445,0,0.0108258658120713,0,0.499610649544099,0,0,0,0,0,0,0,0,0,0,0,0,0,0,-0.193745254166616,0.0910950786008373,0,0,0,0,0,0,0,0,0,0,0,0,0,0,-0.131963577525407,0,0,0,0,0,-0.119372596442943,0,0,0,0,-0.182421754898152,0,0,0.136865648268882,0,-0.0676907174917624,-0.0225764855282824,0,0,0,0,-0.0181513421197598,-0.409138402481035,0,0.0111250739628665,0,0
57,0,0,0,0,-0.0321342757040145,0,0,0,0,0,0,0,0,0,0,0.293460803562211,0,0,0.189364864746161,0,0,0,0,0,0,0,0,0,0,-0.00311733929552181,0,0,0,0.0305866021862533,0.142304430000274,0,0,0.0924965888794869,0,0.17561215857465,0.126305780312531,0,0.0866521578296814,0,0,0,0,0,0.0970505425686301,0,0,0,0,0,0.0708026382150002,0,-0.0154257986489622,0.00911645124117534,0,0,0,0,0,0,0,0,0,0,0,0,0,0,0,0,0,0,0,0,0,0,0,0,0,0,0,0.0635448913593837,0,0.0137941654902833,0,0,0,0,0,0,-0.194351196082743,0,0,0,0,0,0,0,0,0,0,0,0,0,0,0,0,0,0,0,0,0,0,0
58,0,0.307716430093995,0,0,0,0,0,0,0,0,0,0,0,0,0,0,0,0,0,0,0,0,0,0,0,0,0,0,0,0,0,0,0,0,0,0,0,0,0,0,0,0,0,0,0,0,0,0.207827385870975,0,0,0,0,0,0,0,0,0,0.380304450556693,0,0,0,0,0,0,0,0,0,0,0,0,0,0,0,0,0,0,0,0,0,0,0,0,0,0,0,0,0,0,0,0,0,0,0,0,0,0,0,0,0,0,0,0,0,0,0,0,0,0,0,0,0,0,0,-0.705238018859957,0,0,0,0
59,0,-0.0168805668733687,0,0,0,0.00499835472437575,0,0,0.0216671500443344,0,0.0190554171543709,0,0,0.0788275826449095,0,0,0,0,0,0,0,0,0.0304080174023267,0.0420549080063528,0,0,0,0,0.0651307778327784,0,-0.0170050675984393,0,0,0,0,0.0561224904463394,0,0,-0.0436301262680749,0,0,0,0,0,0,0,0,0.0900358033335201,0,0,0,0,0,0,0,0,0,0,0.164374345640584,0,0,0,0,0,0,0.0211919483412354,0,-0.104053422395139,0,0,0,0,0,0,0,0.00339725473569807,0,0,0.257262442266681,0,0,0.0965578752835579,0,0,0,0,-0.0196665172424375,0,-0.0470909022727281,0,0,0,0,0,0,0,0.031198377677924,0,0,0,0,0,0.0507632644533205,0,0.0132925903890049,0,0,0,0,0,0,0,0,0,0,0,0,0
60,0,0.00408407741569621,0,-5.55756971782811e-4,0,0,0,0,0,0,0,0,0,0,0,0,0,0,0,0,0,0,0,0,0,0,0,0,0,0,0,0,0,0,0,0,0.00502502869913353,0,-0.0359791347858504,0,0,0,-0.00341071465378681,0,0,0,0,0,0,0,0,0,0,0,0,0,0,0,0,0.771876767180024,-0.0185950187792202,0,0,0,0,0,0,0,0,0,-0.0239124445779587,0,0,0.0164185935253805,0.0146045812167028,0,0,0,0,0,0,0,0,0.19020464200726,0,5.41703387166858e-4,0,0,0,0,0,0,0,0.00491994198690515,-0.028957755683445,0.107809634064702,0,0,0,0,0,0,0,-0.0392105107966272,0,0,0,0.00643613807032132,0,0,0,0,0.0244079974967301,0,0,0,0,-1.45772465438064e-4
61,0,0,0,0,0,0,0,0,0,0,0,0,0,0,0,0,0,0,0,0,0,0,0,0,0,0,0,0,0,0,0,0,0,0.00870340661334197,0,0,0,0,0,0,0,0,0,0,0,0,0,0,0.0482264437581998,0,0,0,0,0,0,0,0,0,0,0,0.843233892397964,0,0,0,0,0,0,0,0,0,0,0,0,0,0,0,0,0,0,0,0,0,0,0,0,0.0680121080113188,0,0,0,0,0,0,0,0,0,0,0,0,0,0,0,0,0,0,0,0,0,0,0,0,0,0,0,0,0,0,0,0
62,0,0.0567146078220234,0,-0.0249495469435965,-0.29413499929198,0,-9.78453164827279e-4,0,0,0,0,0,0,0.0896019975023469,0,0,0,0,0.0305621258545461,0,0,-0.140019203901796,0,-0.0462776253311221,0.0890321448030465,0,0,0,0,0,0,0,0.133345719187072,0.113551680805828,0.1062264897268,-0.0105976090119259,0.0934727550722404,0,-0.103485364643676,0,0,0,0.0319062086348982,0.00221549369940244,0,0,0,-0.042310600524947,0.111972725581573,0,0,0,0,0,0,0,0,0,0,0,-0.101613447897891,0.823505274810111,0,0,0,-0.0586229661829855,0,-0.0296828322055692,0,0,0,0,0.00805355419344855,0,-0.185528261553919,0,0,0,-0.171406685596146,0,0,0,0,0.169760191202827,0,0.0189463260780213,0.227450934370573,0,0,0,0,0,0,0,0,0,0.0168214059901598,0,-0.0863469013846876,0,0,0,0,0,0,0,-0.0138178932053202,0,0,0,-0.0432904669518023,-0.120574674692545,0.025245405047025,-0.121572757154071,-0.0340719982335832,0,0,0
63,0,0,0.0215100879010882,0.00170718847742479,-0.00255888067311998,-0.0133903343592212,-0.108551736347571,0.0208197906682929,0.167341044292044,0,0,0,0,0,-0.133109474345671,0,0,0,0,0,0,0,-8.86270709119213e-5,-5.66904437554862e-5,0,0.0882437819342945,0,0,0,0,0,0,0.089669232580131,0,0,0,-0.112770725179776,0,0,0,0,0,0.0238010955437263,0,0,0,0,0,0.120977714102445,0.079486931714878,0,0,0,0,0,0,0,0.0461598598651921,-0.0239689288573279,0,0,0.0614964772074032,0.0102833615698245,0,0,0,0,0,0,0,0,0,0.0708104547585317,0,0,0.0811666017291891,0,0,0,0,0,-0.338080734719658,0,0.1047519814886,0,0,0,0,0,0,0.0857165349303653,0,0,0.229598974627043,0,0.168072393552532,0.0982633782890244,0,0,0,0,0,0,0,-0.0969901568910414,0,0,0,0,0,0,0,0.0326395557413472,0,0.0105594904331932,0,0,-0.135694326156456
64,0,0,0,0,0,0,0,0,0,0,0,0,0,0,0,0,0,0,0,0,0,0,0,0,0,0,0,0,0,0,0,0,0,0,-0.0574858218028595,0,0,0,0,0,0,0,0.338820460609701,0,0,0,0,0,0,0,0,0,0,0,0,0,0,0,0,0,0,0,0,0.577914662341082,0,0,0,0,0,0,0,0,0,0,0,0,0,0,0,0,0,0,0,0,0,0,0,0,0,0,0,0,0,0,0,0,0,0,0,0,0,0,0,0,0.221886193265937,0,0,0,0,0,0,0,0,0,0,0,0,0
65,0,0,0,0,0.0295600119875909,0.0147577942848452,0,0,-0.120302004414172,0,0,0,0,0,-0.120438864722236,0,0,0,0,0,0,0,-0.0270456004859859,0,0,-0.131595428954,0,0,0,0,0,0,0.062425444785754,0,0.12378808454393,0,0,0,0,0,0,0,0,0,0,0,0,-0.0338642862099892,0,0,0,0,0,-0.0331960135157253,0,0,0,0,0,0,0,0,0,0,0.715919661211024,0,0,0,0,0,0,0,0,0,0,-0.0431663556014458,0,0.0398708280764619,0,0,0,0,0,0.138720659379784,0,0,0,0,0,0,0,0,0.00581678947116309,0,-0.0411443037735083,0,0.229740528186041,0,0,0,0,0,0,0,-0.0671701444352199,0,0,0,0,0,0,-0.0828318243448256,0,0,0,-0.0612171038320998,0,0
66,0,0,0,0,0,-0.062865958489284,-0.0281105979595232,0,0,0,0,0,0,0,-0.0440633190833633,0,0,0,0.0158495044878522,0,0,0,0.0276133136509677,0,0.0207380069127478,0,0,0,0.0139113792958781,0,0,0,0,0,0.0189873857850931,0.0423220219180504,0.00135666429231146,0,-0.0475416694567976,0,0,0,0,0.00825814160471696,0,0,0,0,0.0125535101443089,0,0,0,0,0,0,0,0,0,0.0496572756955487,0,0.00845941532483888,0,0.0118077820331987,0,0,0.34291854720867,0,0,0,0,-0.037891837042773,0.00171769755884037,0,0.0148803368757245,0,0,0,0.00177335511684048,0,0,0,0.0757707341588336,0,0.0105431542197105,0,-0.0230024404371166,0,0,0,0,0,0,0.0142443334849793,0,0,0,0.146964618864493,0,0,0,0,0,0.008470617269727,0,-0.00556634431306853,0,0,0,0,0,0.00362200960999236,0,0.0915830404293493,0,0,-0.101914814962114,0.0882547983326709,-0.0424159987498728
67,0,-0.00596547168947018,0,0,0,0.17256409855603,0,0,0,0,0.300070662855869,0,-0.451835177105273,0,-0.0291715629965036,0,0,-0.00463706784385625,0,0.0489613175666827,0,-0.324357837186562,0.0622979870393977,0,0,0.576370038757934,0,0,0.183647089309206,0,0,0.0565392432416071,-0.0768165071955306,0.233928216671727,-0.0744452223080029,0,0.107909393674619,0,-0.162491375586623,-0.0523478249812253,0,0,0,-0.0605667968797127,0,0.0201097985661126,0,0,-0.0269039991913694,0.019015878271642198,0,0,0,0.0364887999299026,0,0,0,0,0,0,0,0,0,0,0,0,0.395837858418515,-0.0405859732172913,0,0,0,0,0,0,-0.156443868853545,0,0,0,0,0,0,0,-0.00333093890625606,0,0,0,-0.31635716592373,0,0,0,0.0548328876282646,0,0,0.0200593389197783,0.124945002450348,0,0.0636569176903318,0,0.0516419189797518,0,0,-0.0444237626390589,0.0584852229392475,-0.150752103360878,0.0568981557346433,0,0,-0.0805852033903901,0,0,0,0,-0.17308919341496,0,0,0,0,0
68,0.0713690934518927,0,0,0,0,0,0.0078507786362354,0,-0.350506123690481,0,0,0,0,0,-0.0317815981897961,0,0,0,0.154922204031263,0,0,0.0421951965725831,-0.025231705605836,0,0,0.163571492574492,0,0,0,0,0,0,0.0246687445254951,0.164861823312935,0,0.230085062119811,0,0,-0.131987976923427,0,0,0,0.0178921173472541,0,0,0,0,0,0,0,0,0,-0.104705428365495,0,0,0,0.0442160767648128,0.123824779693908,0,0.048160809016514,0,0,-0.0493171957982781,0.0349887127514722,0,0.0124935455566163,-0.088474637272636,0.307105159636542,0,0,-0.16433862716047,0,-0.115975569731906,0,-0.174551358670432,0.00525302799611625,0.0887320454019997,0.119987324183036,0,0,0,0,0.0264472836231304,0.139761460599419,0,0,0.0976203629590981,-0.0762595489612709,0,0,0,0,0,0,0,0,0.0474894110953904,0,0,0.0486440800497938,-0.0855032588946154,-0.0256565790314629,0,0.263807979752888,0.124510524603159,0,0,0,-0.0598539343253188,-0.00575011105458304,0,0,0,0.0828666197263164,0,-0.175304151974076,0,0
69,0.0111113271281011,0.154101975032466,-0.115772382726387,0,0,-0.0893259737724046,-0.255550252065055,0,-0.0446816921945846,0,0,0,0,0,-0.165576994047775,0,0,0,0,0,0,0,-0.183701630863927,0,0.102673574756471,0,0,0.00993969915020624,0.131690616546111,-0.0633326772070371,0,0.0212776796188909,0.0220554756742035,0.0298569854890013,0.045454851305726,0,0,0,0,3.36863871672839e-4,0,0,0.0391555394207334,0.0612585341376491,0,-0.0140998411364442,0,-0.0259929790274545,0,0,0,0,0,0,0,0.0816501612285331,0,0.0330983984834018,0,0,0,0,0,0,0,0,0.0207713217796851,0,-0.0919002791084907,0,-0.149832443798465,0.0320893999239432,0,0,0.0100428067379293,-0.0279231659324591,0,9.10331560751748e-4,-0.410809292989761,0,0,0,0,0.287030683374687,0,0,0.210594277128042,0,0,0,0,0,0.0596017988506586,0,-0.0622263934336592,0,0.235410632952187,0,-0.0250953443419141,0,0,0,0,0.0501510251279679,0,0,-2.6347223437603e-4,-0.0288582331206142,0,0,0,0,0.0288599789264556,-0.119575854237053,0,-0.0695977430433671,0,-0.159680432669594
70,0,0,0,0,0,0,0,0,0,0,0,0,0,0,0,0,0,0,0,0,0,0,0,0,0,0,0,0,0,0,0,0,0,0,0,0,0,0,0,0,0,0,0,0,0,0,0,0,0,0,0,0,0,0,0,0,0,0,0,0,0,0,0,0,0,0,0,0,0,0.973048657167165,0,0,0,0,0,0,0,0,0,0,0,0,0,0,0,0,0,0,0,0,0,0,0,0,0,0,0,0,0,0,0,0,0,0,0,0,0,0,0,0,0,0,0,0,0,-0.126115090774997,0,0
71,0,0,0,0,0,0,0,0,0,0,0,0,0,0,-0.00693557901527331,0,0,0,0,0,0,0,0,0,0,0,0,0,0,0,0,0,0,0,0,0,0,0,0,0,0,0,0,0,0,0,0,0,0,0,0,0,0,0,0,0,0,0,0,0,0,0,0,0,0,0,0,0,0,0,0.998818081045991,0,0,0,0,0,0,0,0,0,0,0,0,0,0,0,0,0,0,0,0,0,0,0,0,0,0,0,0,0,0,0,0,0,0,0,0,0,0,0,0,0,0,0,0,0,0,0
72,0,0,0,0.0296668417391712,0,-0.0126626935504933,0,0.00627484836948763,0,0.00889364009084386,0,0,0,0,0,0.0926347345978149,0,0.0291717872517346,0.109826203181647,0.00704692414714935,0.0104877238562039,0,-0.00440012914854762,0,0,0,0.0515908036703804,0.0278680272426975,0,-0.067537692090597,0,0,0,0,0.0261237167396422,0.074154857629446,0,0,0,0.122228094069838,0.100426016055243,0.0164301598901642,0,0.00481828925524109,0.0498835296226249,-0.0257921132840998,0.0187926641194769,0,0.0660751038956996,0,0,0.0981473567780752,0,0.00646093473903582,0.0576850505502908,0.0225944725156243,0.00380990415472942,0.00736995462611888,0,0,0,0.0249816859763721,0.0326699026821273,0,0,0,-0.00812543858880583,0,0,0,0,-0.146189120418161,0,0,0,0,0,0.0261209855914826,0,0,0,0,0.0301857443026971,0,0,-0.0179769362943565,0.0419850282766512,0,0,0,0,0,0,0,0,0,0.00536554000900986,0,0,-0.0218803345388016,0,0,0,0,0,0,0.0282184192355447,0.0231500593668978,0,0,0,0,0.0237817468636669,0,0,-0.0148052121004121,0,0
73,0.0829417614328844,0,0.022207403149602,-0.0113719299251903,-0.205708781512799,0,0.117093714483752,0,0,0,0,0,0,0,-0.0923997987999517,0,0,0,0.335767336416061,0,0,0,0,-0.05352656393877,0,0.126697999154145,0,0,0.0981486814942407,0,0,0,0.135693220314299,0.240481137264432,0,0.0562287985257647,-0.0359982248167203,0,-0.253062802892109,0,0,0,0,0,0,0,-0.150990809971831,-3.52862812713997e-4,0.0417555894152277,-0.0215132718998178,0,0,0,0,0,0,0.014458817790221,0.0540726093475526,0,0,0,0,0,0,0,0,0,-0.0742267136212447,0,0,0,0,0.0790757860630034,0,-0.0476440116708304,0,0,0,0,0,0,0,0,0.0527147208461032,0,0,0,0,0,0,0,0,0.271863694097177,-0.05284058000861,0,0,0.055994341540793,0,0,0,0,0,0,0,0,0,0,0,0,0,0,-0.109710386350403,0.00610084624698134,0.014270177772628,0,0,0.0140597630032413,0
74,0,0,0,-0.011553579484092,-0.107894702671782,0,0,0,0,0,0,0,0,0,-0.0713685040902756,0,0,0,0.00675152951897738,0,0,0,0,0,0,0,0,0,0,0,0,0,0.0247227238035009,0,0,0,0,0,-0.116119306022919,0,0,0,0.0644094055484321,0,0,0,0,-0.0302066480012301,0.0365649299829769,0,-0.00313624493597917,0,0,0,0,0,0,0.0406011520898005,0.0374923081606755,0,0,0,0,0,0,0,0.00551313976908276,0,0,0,-0.00777876652318077,0,0,0.700200293662051,0,0,0,0,0,0,0,0,-0.0333911549120265,0.0646938014284041,0,0,0,0,0,0,0,0,0.0298561761026989,0,0,0,0.0873950260969735,0,0,0,0,0,0,0,0,0,0,0,0,0,0,-0.0398419986874749,0,0.00674815371597866,0,0,0,0
75,0,-0.00310251137283094,0,0,-0.148218111123692,-0.0174618223442954,0,0,0,0,0.134262880894027,0,0,0,0,0,0,0,0.0559370596329135,0,0,0,0,0,0,0.129672940890059,0,0,0.0471349776024242,0,0,0,0,0.0325517515608391,0,0,0.0188559109055578,0,-0.0728710581103738,0,0,0,0.0795330888251487,0,0,0,0,0,0,0.0161313094203006,0,0,0,0,0,0,0,0,0,0.00188549762362293,0,0,0.0149655242877949,0,0,0,0,0,0,0,0,0,0,0,-0.0660117091533232,0,0,0,0,0,0,0,0,0.0859336052315893,0,0.0806387826393569,0,0,0,0,0,0,0,0,0,0,0.0349455069263506,0,0,0,0,0,0,0,0.0714966622751896,0,0,0,0,0,0,0,0.028456488790228,0,0,0,0,0
76,0,0,0,0,0,0,-0.832977719788793,0,0,0,0,0,0,0,-0.00532442700553135,0,0,0,0,0,0,0,0,0,0,0,0,0,-0.0433374826659575,0,0,0,0,0,0,0.22219297933731,0,0,0,0,0,0,0,0,0,0,0,0,0,0,0,0,0,0,0,0,0,0,0,0,0,0,0.275650178766361,0,0,0,0,-0.0310215578785524,0,0,0,0,0,0.502524942228431,0.0330908179254146,-0.498741874874547,0,0,-0.211072149175323,0,0,0,0,-0.00630875496417022,0,0,0,0,0,0,0,0,0,0.108676699006878,0,0,0.262843617735204,0,0,0,0,0,0,0,-0.201742717384909,0,0,0,0,0,0,0,0,0,0,0,0,-0.131652488341781
77,0,0.057238711715829,0,0.0181155962405114,0,-0.335305047919635,-0.137601851074647,0,0,0,-0.341795371350704,0.122129877765324,0,0,-0.228926176054334,0,0,0,-0.0076716676079417,0,0,0,-0.124743180230333,0,0,0,0,0,0,0,-0.00537356931526868,0,0.0229471860218884,0,0,0,0,0,0,0,0,0,-0.0306574690391051,0,0,0,0,0,0,0,-0.00373676299995487,0,0,0,0,0,0,0.103432360641338,0.145061210731423,0,0,0,0.023626799209748,0,0.00730899083777014,0,0.0329102535122421,0.0142568067339896,0,0,-0.0155911104303382,0,0.103613961555622,0,0,0,0.254060883029993,0.00531454720488904,-0.0978994123534373,0,0,0,0,0,0,0,0,0,0.0142137434358273,0.0133246527000899,0,0,0.13581210470845,0,0.0302240589636949,0,0.134477392657974,0,0.119809832273083,0,0,0,0,-0.0510046760896949,-0.00591555802230415,0,0,0,0,0,0,0.0733218472972895,0.00377042381379652,-1.87052063534701e-4,0,-0.0616314113058828,0,-0.0479233192574819
78,0,0,0,0.0249115417486164,-0.0203612389255008,-0.342119880987553,-0.242947017090533,0,0,0,0,0.304862385724379,0,0.110797171215874,-0.101701103694116,0,0,0,0,0,0,0,-0.118738978664718,0,0,0,0,0,-0.0516997248177405,0,0.0591092424804988,0.0318100593482025,0,0.213873358267511,0,0,-0.13187456637599,0.057331303194362,-0.169583284155308,0,0,0,0.0745067106535918,-0.0783610884601869,0,0,0,0.053608999670163,-0.0650544805860872,-0.173880939551432,0,0,0.0905644586417674,0,0,0,0,0,0,0,0,0,0,0,0.0267535184715099,0.175384320242121,0,0,0,0.0670190582637774,0,0,0.107281879709416,0,-0.0500659958375175,0.0840351634517582,0,0.227870146420649,0,0,0,-0.166923214588773,0,0,0,0,0,0,0,0,-0.361739213550364,0,0,0,-0.172343665203296,0,0.417044254364948,0,0,0.0242207475456825,0,0,0,0,0.0562505474180651,0,0,0,0,0,0.00385053249360794,0,0,0,0.0472013704780004,0.0675075886806964,0,-0.135331930162164
79,0,0,0,0,-0.010086259141141,0,0,0,0,0,0,0,0,0,0,0,0,0,0,0,0,0,0,0,0,0,0,0,0,0,0,0,0,0,0,0,0,0,0,0,0,0,0,0,0,0,0,0,0,0,0,0,0,0,0,0,0,0,0,0,0,0,0,0,0,0,0,0,0,0,0,0,0,0,0,0,0,0,0.92542575195048,0,0,0,0,0,0,0,0,0,0,0,0,0,0,0,0,0,0,0,0,0,0,0,0,0,0,0,0,0,0,0,0,0,0,0,0,0,0,0
80,0,0,0,0,0,0,0,0,0,0,0,0,0,0,0,0,0,0,0,0,0,0,0,0,0,0,0,0,0,0,0,0,0,0,0,0,0,0,0,0,0,0,0,0,0,0,0,0,0,0,0,0,0,0,0,0,0,0,0,0,0,0,0,0,0,0,0,0,0,0,0,0,0,0,0,0,0,0,0,0,0,0,0,0,0,0,0,0,0,0,0,0,0,0,0,0,0,0,0,0,0,0,0,0,0,0,0,0,0,0,0,0,0,0,0,0,0,0
81,0,0,0,0,0,0,0,0,0,0,0,0,0,0,0,0,0,0,0,0,0,0,0,0,0,0,0,0,0,0,0,0,0,0,0,0,0,0,0,0,0,0,0,0,0,0,0,0,0,0,0,0,0,0,0,0,0,0,0,0,0,0,0,0,0,0,0,7.73320158959071e-8,0,0,0,0,0,0,0,0,0,0,0,0,1.00535726522831,0,0,0,0,0,0,0,0,0,0,0,0,0,0,0,0,0,0,0,0,0,0,0,0,0,0,0,0,0,0,0,0,0,0,0,0,0
82,0,-0.0037505151580992,0.0334200491254361,0,-0.142130086989526,-0.0393130732037084,0,0,0.044083146444904,0,0,0.0222307661964656,0,0.00126733719220651,-0.0606157411661977,0,0,0,0,0,0,0,0,0.0137451473348498,0,0.00545407885959846,0,0,0,0,0,0,0.0128657924284561,0.00757076912807283,0,0,0,0.0374798371007145,-0.0987661111411056,0,0,0,0.0580841567354495,-0.0324579263211083,0,0,0,0.0286769995821924,0,0,0,0,0,0,0,0,0,0,0,0.0247932068873786,0,0,0,-0.014168274909034601,0,0.00136711377445582,0.035934731127443,-0.034072139984001,0,0,0,0,0,0.044440975115079,-0.0419499234100129,0.0587546674355254,0,0,0,0,0,0.124395541047662,-0.00106791226601436,0.148429432435841,0,-0.00467780058837817,-0.0657092295114896,0,0,0,0,0,0,0.0337054983733236,0,0.0375623255402898,0.180262260547124,0,0,0,0,0,0.124183685183849,-0.0455859123033345,0,0,0,0,0,0,0,-0.0060255381720319,0,0,0,0,0,0
83,-0.0140006828597742,0,0,-0.079087851107424,0,-0.210435462234017,0,0,0,0,0,0,0,0,0,0.0877712472008827,0,0,-0.199797741890165,0,0,0,-0.0509879338345558,-0.153823484437496,0,0,0,0,0,0.113763426878932,0.00490027505591268,0,-0.0357222091696965,-0.0597705680949571,0,0,-0.0379846498628648,0,0.0448415072405295,0,0,0,0,0,0,0.113528781278946,0.0751043172014429,0,0.043850092892272,0,0,0.162964369635043,0,0,0,0.10808298382051,0.0337560609705641,0,0,0,0,-0.010000348173982,0,-0.0785867103021309,0,-0.0312636956316159,0.0287996843019749,0,0,0,0,0,0,0,-0.0536809508972943,0.0547746988646508,0,0.127571673151541,0,0,0.160015289513392,0,-0.00680534858647975,0,0,0,0,0.0416235725661172,0,-0.0364801861151441,-0.044486645820046,0,-0.076971181976253,-0.0436232824844525,0,0,0,0,0,0,0,-0.0487001438257253,-0.143699365845135,0.0707199044588414,0.0778288859569012,0,0,0,0.351486226115926,0,0,0,0,0,0,-0.0236938678228342,0,0
84,0,0,0,0,0,0,0,0,0,0,0,0,0,0,0,0,0,0,0,0,0,0,0,0,0,0,0,0,0,0,0,0,0,0,0,0.0128435375503652,0,0,0,0,0,0,0.0491817553394047,0,0,0,0,0,0,0,0,0,0,0,0,0,0,0,0,0,0,0,0,0,0,0,0,0,0,0,0,0,0,0,0,0,0,0,0,0,0,0,0,0.820126868708523,0,0,0,0,0,0,0,0,0,0,0,0,0,0,0,0,0,0,0,0,0,0,0,0,0,0,0,0,0,0,0,0,0,0
85,-0.0288492267555409,0.146516785675453,-0.164146277181572,0,0,0,0,0,0,0,0,0,0,0,-0.0873115197911115,0,0,0,0,0,0,0,-0.169462715912453,0,0,0,0,0,0.171749450147942,0,0,0,0.11102619988668,0,0,0,0,0,0,0,0,0,0.0443376533947195,0,0,0,0,0,0,0,0,0,0,0,0,0,0,0,0,0,0,0,0,0,0,0,0,0,0,0,-0.0292182183426053,0,0,0,0.0642008035650729,0,0,0,0,0,0,0,0,0,0.710324971405029,0,0,0,0,0,0,0,0,0,0,0,0,0,0,0,0,0,0,-0.126444921678211,0,0,0,0,0,0,0,0,0,-0.17235943884582,0,0,0,0
86,0.0379013153898242,0,0.015839049145856,-0.00121672167807441,-0.0212184475028276,-0.00502910766556273,0.016919812044383,0,0,0,0.0421740746929116,0,0.0516782779807508,0,-0.0205256141132788,-0.00549589608394321,0,0,0,0,-0.00441150714181381,0.0172053424973304,0.00409914287267903,0,0,0,-6.36690341970441e-4,0,0.00724035831102805,0,0,0,0,0.114955360557626,-0.0439800415006064,0.0982251160636118,0,0,0,-0.0151015034857831,-0.010488325107143,0,0.0051458512953405,0,-0.00729937577885667,0.0110544044457248,-0.00736022957615497,0,0,0,-0.00219501768333273,-0.00593369288043309,0,-0.0296933386453673,0,-0.00580449765485751,0,0,0,0,0.0773336417512759,0,0,0,0,0,0.0257213869289237,0,0,0,0,-0.00980791595885228,0,0,0,0.00103447772123368,0,0,0,0,0,0.0111308034976181,0,0.00998228722874366,0,0.196307298048785,0,-0.0193310405600881,0,0,0,0,0.0248768083389386,0,0.0793159963422015,0,0,-0.0130221887278845,0,0.00598555899064403,0,0,0.0315368603354672,-0.00434238690853622,0,0,-0.0079159550209451,0,0,0,0,0,0,0,0,0.0232176673735603,0,0
87,0,0,0,0,0,-2.23496220732421e-17,0,0,0,0,0,0,0,0,0,0,0,0,0,0,0,0,0,0,0,0,0,0,0,0,0,0,0,0,0,0,0,0,0,0,0,0,0,0,0,0,0,0,0,0,0,0,0,0,0,0,0,0,0,0,0,0,0,0,0,0,0,0,0,0,0,0,0,0,0,0,0,0,0,0,0,0,0,0,0,0,0.982412518306524,0,0,0,0,0,0,0,0,0,0,0,0,0,0,0,0,0,0,0,0,0,0,0,0,0,0,0,0,0,0,0
88,0,0.168437257577385,0,-0.0611657860444317,-0.00348712178044726,0,0,0,0,0,0,-0.210803367422524,0,0,-0.181531452885758,0,0,0,0.181398049854162,0,0,0,0,-0.0443006820688821,0,-0.00562310579542996,0,0,0,0,0,0,0,0.118000066649925,0.33158449067011,-0.120319148916528,0,0,0,0,0,0,0.0774525336799614,0,0,0,0,-0.00191154985310669,0,0,0,0,0,0.0332964936398916,0,0.275070157430101,0,0,0,0,0,0,0,0,0,0,0,0,0,0,0,0,0,0,0,0,0,-0.194563383233381,0,0,0,0,0.0886453496392282,0,0,0,0,0.582850396084305,0.0751604094405852,0,0,0,0,0,0,0,-0.254463568507774,0,0,0,0,0,0,0,0.164404912103417,0,0,-0.108669004780112,0,0,0,0,0,0,0,-0.0010026693135952,0,0
89,-0.128464572137387,0.0194312131465659,-0.134912935126079,0,0,0,-0.0715708113364033,0,-0.0178092844021109,0,0,0,0,0,-0.133399416335484,0,0,0,0,0,0,-0.0663177616087697,-0.0229007550216307,-0.08561303768132,0,-0.277173315900086,0,0,0.204867803852339,-2.95217407487596e-4,0.0212611294861717,0,0.0436920251318358,0.236314678122793,0.0126391924387456,0.127404606940118,0,0,-0.0400618505214584,0,0,0,0,0,0,0,0,0,-0.0261124365092951,0.278334631860613,0,0,0,0,0,0.00543768479021338,0,0,-0.0157860476459656,0,-0.059485621017848,0,0,-0.0117282957756279,0,0.00985304172187433,-0.0383874865620749,0,0,0,-0.024883386228724,0,0,0.230498479320978,-0.361552162078872,0,0.0546611541693296,0,0,0,0,-0.216676164171559,0,0,0,0,0,0,0.530408414535946,0.00142481025632275,0,0,0,0,0,0,0,0,-0.0345461998482278,0,0,0,-0.0396705618820269,0,0.00796751926170437,0,0,0,0,0,0,0,-0.0531109734137379,-0.295981774711553,0,0,0,-0.0520205547811859
90,0,0,-0.354839126350395,0,0,0,-0.349513097878526,0,-0.352338234391106,0,0,0,0,0,-0.128920198660004,0,0,0,0.0888450995826404,0,0,0,-0.182169557581708,0,0,0,0,0,0.0861264914348729,0,-0.0877158376588194,0,0,0,0.165210142687082,0,0,-0.0540262702424861,0,0,0,0,0.0438895136872315,0,0,0,0,0,0,0,0,0,0,0.0496190651582662,0,0,0,0,0.0526390107160407,0.425204593628263,0.593432124691747,0,0,0.0130936362324609,0,-0.117347933771054,0,0,0,0,-0.398338173557515,0,0,0,0,0,0,0,-0.463982932886623,0,0,0,0,0.0606511447908006,0,0,0,0,0,0.433956596152593,0,0,0,0.130884259449286,0,0,0.053254220540119,0,0,0,0,-0.161389518801689,0,-0.152495691952562,0,0,0,-0.240899857174204,0,0,0,-0.294571130262325,0,-0.240248952964666,0,0,0.0474299820166217,0
91,0,0.064403034706846,-0.0770006527163969,0,0,0,0,0,0,0,0,0,0,0,0,0,0,0,0,0,0,0,0,0,0,0,0,0,0,0,0,0,0,0,0,0,0,0,0,0,0,0,0,0,0,0,0,0,0,0,0,0,0,0,0,0,0,0,0,0,0,0,0,0,0,0,0,0,0,0,0,0,0,0,0,0,0,0,0,0,0,0,0,0,0,0,0,0,0,0,0.927121256992853,0,0,0,0,0,0,0,0,0,0,0,0,0,0,0,0,0,0,0,0,0,0,0,0,0,0,0
92,0,0,0,0,0,0,0,0,0,0,0,0,0,0,0,0,0,0,0,0,0,0,0,0,0,0,0,0,0,0,0,0,0,0,0,0,0,0,0,0,0,0,0,0,0,0,0,0,0,0,0,0,0,0,0,0,0,0,0,0,0,0,0,0,0,0,0,0,0,0,0,0,0,0,0,0,0,0,0,0,0,0,0,0,0,0,0,0,0,0,0,0,0,0,0,0,0,0,0,0,0,0,0,0,0,0,0,0,0,0,0,0,0,0,0,0,0,0
93,0,0,0,0,0,0,0,0,0,0,0,0.339577802107643,0,0,0,0,0,0,0,0,0,0,-0.390603956554322,0,0,0,0,0,0,-0.205910646263953,0.190547522450449,0,0,0.262380855741822,0.144143000330929,0.0445775819044811,0,0,-0.528889981061192,0,0,0,0,0,0,-0.151347087454554,0,0,-0.112739299773473,0.400241844440083,0,0,0,0,0,0,0,0.132674757431553,0,0,0,0,0,0,0.0414234503374741,0,0,0,0,0,0,0,0,0,0,0.22782959292104,0.0749533399586526,0,0,0,0,0,0,0.105859581443434,0,0,0,0,0,0,0,0,0.115044706735491,0,0,0,0.25520072500522,0,0,0,0,0,0,-0.0716424036344688,0.0520241983409073,0,-0.128846197877145,0,0,0,0,-0.506335589997187,0,0,0,0,0,0
94,0,0,0,0,0,0,0,0,0,0,0,0,0,0,0,0,0,0,0.0137615170603055,0,0,0,0,0,0,0,0,0,0,0,0,0,-0.0532279988667634,0,0.188768484255124,0,0,0,0,0,0,0,0.184190277827647,0,0,0,0,0,0,0,0,0,0,0,0,0,0,0,0,0,0,0,0,0,0,0,0,0,0,0,0,0,0.347184321702738,0.326385760551159,0,0,0,0,0,0,0,0,0,0,0,0,0,0,0,0,0,0,0,0.12346794433708,0,0,0,0,0,0,0,0,0,0,0,0,0,0,0,0,0,0,0.135158851694946,-0.255380914554207,0,0,0,0
95,0,0,0,0,0,0,0,0,0,0,0.606862812672906,0,0,0,0,0,0,0,0,0,0,0,0,0,0,0,0,0,0,0,0,0,0,0,0,0,0,0,0,0,0,0,0,0,0,0,0,0,0,0,0,0,0,0,0,0,0,0,0,0,0,0,0,0,0,0,0,0,0,0,0,0,0,0,0,0,0,0,0,0,0,0,0,0,0,0,0,0,0,0,0,0,0,0,0.289214315644295,0,0,0,0,0,0,0,0,0,0,0,0,0,0,0,0,0,0,0,0,0,0,0
96,0,0,0,0,-0.0135009672810119,0,0,0,0,0,0,0,0,0,0,0,0,0,0.144399656144026,0,0,0,0,0,0,0,0,0,0,0,0,0,0,0,0,0,0,0,-0.0816760797997986,0,0,0,0,0,0,0,0,0,0.0837941073930293,0,0,0,0,0,0,0,0,0,0,0.256186512514692,0,0,0,0,0,0,0,0,0,0,0,0,0,0,0,0,0,0,0,0,0,0,0,0.0858073797682833,0,0.157517359688544,0,0,0,0,0,0,0,0,0,0.595475840226926,0,0,0,0,0,0,0,0,0,0,0,0,0,0,0,0,0,0,0,0,0,0
97,0,0,0,0.0230860338990678,-0.0367535801227173,0,-0.0753390724243285,0,0,0,0,0,0,0,0,0,0,0,0,0,0,0,0,0,0,0,0,0,0,0,0,0,0,0,0,0,0,0,0,0,0,0,0.142120271459164,0,0,0,0,0,0,0,0,0,0,0,0,0,0,0,0,0,0,0,0.04539000079828,0,0,0,0,0,0,0,0,0,0,0.0295195768092117,0,0,0,0,0,0,0,0.0351577861508736,0,0,0,0,0,0,0,0,0,0,0,0,0,0,0.618574971579637,0,0,0,0,0,0,0,0,0,0,0,0,0,0,0,0,-0.118565435536385,0,0,0,0
98,-0.353446589852934,0.0350649224075989,-0.149112435977242,0,0,0,-0.00512918115263888,0,0,0,0,-0.0562794336835252,0,-0.129821272917776,-0.358002841417297,0,0,0,0,0,0,0,0,-0.0616975708388116,0,0,0,0,0.10363150269565,0,-0.00380565869571194,0,0.0756803012791161,0.0593366408439385,0.00257359296078929,0,0,0,-0.117448884939174,0,0,0,0.0903019143799889,-0.01696792549391,0,0,0,-0.0604791469784757,0,0.0393092544214955,-3.65796436875009e-4,0,0,0,0,0.0492491861485218,0.00927545836774156,0,0,0,0,0,-0.0577557978050647,-0.0426798038917224,0,-0.044291447750198,0,-0.0231106223452311,0,0,-0.0164338389175449,0,0.0222868615032393,0,0.00205786087009562,-0.0363798593347577,0,0.0149164329075081,0,0,0,0,-0.0430136818153955,0.345499638719925,0,0,0,0,0,0,-0.0371054798030853,0,0.0307748365261755,0.00869267415498931,-0.0343774128553929,0.0021887992645431,0.214955203583832,0.751876496759009,0,0,0,0,0,-0.00158091544395066,0,0,0,0,0,0,-0.070912123976903,-0.117610789342341,0,-0.115548225608528,0,-0.0815109948685405,0,-0.0341660276023625
99,0,0,0,0,0,0,-0.656262910668719,0,0,0,0,0,0,0.105671983660987,0,0,0,0,0,0,0,0,0,0,0,0,0,0,0,0,0,0,0,0,0.0497601654124711,0,0,0,0,0,0,0,0,0,0,0,0,0,0,0,0,0,0,0,0,0,0,0,0,0.200037122540393,0,0,0,0,0,0,0,0,0,0,0,0,0,0.176207187787089,0,0,0,0,0,0,0.265216124136989,0,0,0,0,0,0,0,0,0,0,0,0,0.200524351079989,0,0,0.320133239858049,0,-0.208657696906522,0,0,0,0,0,0,0,0,0,0,0,0,0,0,0,0,0,0,0
100,0,0,0,0,0,0,0,0,0,0,0,0,0,0,0,0,0,0,0,0,0,0,0,0,0,0,0,0,0,0,0,0,0,0,0,0,0,0,0,0,0,0,0,0,0,0,0,0,0,0,0,0,0,0,0,0,0,0,0,0,0,0,0,0,0,0,0,0,0,0,0,0,0,0,0,0,0,0,0,0,0,0,0,0,0,0,0,0,0,0,0,0,0,0,0,0,0,0,0,0.814811710462427,0,0,0,0,0,0,0,0,0,0,0,0,0,0,0,0,0,0
101,0,0,0,0,0,0,0,0,0.00274490466187259,0,0,0,0,0,-0.0110143408774797,0,0,0,0,0,0,0,0,0,0,0,0,0,0.0331430031320966,0,0,0,0,0.0119059893903702,0,0.0266160050215727,0,0,-0.00448899686935007,0,0,0,0.0182929583857582,0,0,0,0,0,0,0.0148473835576094,0,0,0,0,0,0,0,0,0,0.00326132453269632,0,0,0,0,0,0,0.00105194092275903,0,0,0,0,0,0.025091907316124,0,0,0,0,0.00305423942908972,0,0,0.00181663426726844,0,0,0.0266565098129487,0,0,0,0,0,0,0,0,0.0010233431340183,0.00584597017215634,0,0.0181152873287399,0.0265465141127108,0,0,0,0.9990732112307,0,0,0,0,0,0,0,0,0,0,0,0,0,0,0,0,0
102,0,0,0,0,-0.159419620715286,0,0,0,0,0,0,0,0,0,-0.270315900431062,0,0,0,0,0,0.0546488010782435,0,-0.0372316255137428,0.258381649178415,-0.044570769808501,0,0,0,0.223248427928415,-0.684939761358998,0,-0.09573172675415,0.054304034666849,-0.0675905990973944,0.380849145058306,0.00189595110694656,0,-0.142217510625225,0,0,0.133292404177127,0,0.044638764292488,0,0,0,0,0,0,0,-0.0702312107304473,0,0,0,0,-0.28388313476179,0,0,0.220182819178185,0,0,0.403272039098204,0,0,0.397093585754216,-0.628457576360735,0.097966884386892,0.128906389853401,0,0.0949373183458498,-0.114283000798077,-0.43788404330419,0,0,0,0,-0.0274788403497833,-0.216680132738653,0,0,0,0,0,0,0,0,0,0,0,0,0,0,-0.380012718083965,0.0137377728716981,0,0,0.577682014216727,0,0,0,0,-0.133153314576002,0,0.585205605432593,0,0,0,0,0,0,0,-0.134980534121881,0,0,0,-0.113000356622725,0,0
103,0,0,0,0,0,0,0,0,0,0,0,0,0,0,0,0,0,0,0,0,0,0,0,0,0,0,0,0,0,0,0,0,0,0,0,0,0,0,0,0,0,0,0,0,0,0,0,0,0,0,0,0,0,0,0,0,0,0,0,0,0,0,0,0,0,0,0,0,0,0,0,0,0,0,0,0,0,0,0,0,0,0,0,0,0,0,0,0,0,0,0,0,0,0,0,0,0,0,0,0,0,0,0.989681918236664,0,0,0,0,0,0,0,0,0,0,0,0,0,0,0
104,0,0,-0.326161458028987,0,0,-0.140035685612603,0,0,0,0,0,0,0,0,0,0,0,0,0,0,0,0,-0.175830266150425,0,0,0,0,0,0,0,0,0,0,0,0,0,0,0,0,0,0,0,0,0,0,0,0,-0.160593055501008,0,0,0,0,0,0,0,0,0,0,0,0,0,0,0,0,0,0,0,0,0,0,0,0,0,0,0.473801880976579,0,0,0,0,0,0,0,0,0,0,0,0,0,0,0,0,0,0,0,0,0,0,0,0,0,0,0,0,0.514069234801081,-0.199576970566416,0,0,0,0,0,0,0,0,0,0,-0.0119160249057465,0,0
105,0.0235173485709147,0,0.0273541735545801,0,0,0,0,0,0,0,0.00118120189818595,0,0,0,0,0,0,0,0,0,0,0.135000344287872,-0.00345000714807869,0,0,0,0,0,0,0,0,0,0,0,0,0,0,0,0,0,0,0,0,0,0,0,0,0,0.0304136756869727,0,0,0,0,0,0,0,0,-0.00445582414960812,-0.0240546115812895,0,0,0,0,-0.0320821170942218,0,0,0,0,0,0,0,0,0,0,0,0,0,0,0.0443915371285616,0,0,0,0,0,0,0,0,0,-0.00909948624528305,0,0,0,0,0,0,0,-0.01900343373182,0,0,0,0,0,0,0,0.0898028724790088,0,0,0,0,0,0,-0.0198080345224594,0,0,0,0,0,0.0145815967347008
106,0,0,0,0,0,0,0,0,0,0,0,0,0,0,0,0,0,0,0,0,0,0,0,0,0,0,0,0,0,0,0,0,0,0,0,0,0,0,0,0,0,0,0,0,0,0,0,0,0,0,0,0,0,0,0,0,0,0,0,0,0,0,0,0,0,0,0,0,0,0,0,0,0,0,0,0,0,0,0,0,0,0,0,0,0,0,0,0,0,0,0,0,0,0,0,0,0,0,0,0,0,0,0,0,0,0,0,0,0,0,0,0,0,0,0,0,0,0
107,0,0.0582843208928548,-0.0467136492918615,-0.0267678692320196,0,-0.036586954324811,0,0,0,0,0,0,0,0,0,0.047579422697433,0,1.41332253520094e-4,0,0,0,0,0,0,0,0,0,0,0,0,0.0297451153335582,0,0,0,0.0722994092188609,0,0,0,0,0,0,0,0.0249278257796923,0,0,0,0,0,0.0209484449522693,0.0553770063556614,0,0.0486946947501522,0,0,0,0,0.00733403720730954,0,0.0411568634852014,0,0,0,0,-0.0570882439698323,0,0,0,0,0,0,0,0,0,0,0,0,0,0,0,0,0,0,0.0274007446565228,0,0,0,0,0,0,0,0.033501716033423,0,0,0,0,0,0,0,0,0,0,0,0,0,0,0,0.699779413579622,0,0,0,0,0,0,-0.0190887667717672,0,-0.101160050310182,0,0
108,0,0.0784181766519524,0,0,0,-0.269104559155554,0,0,0,0,0,0,0,0,0,0,0,0,0,0,0,0,0,0,0,0,0,0,0,-0.049569036403374,0,0,0,0,0,0.334344484384608,0,0,0,0,0,0,0,0,0,0,0,-0.154839701690267,0,0,0,0,0,0,0.156496068092228,0,0,0.0885531428730532,0.153685138614065,0,0,0,0,0,0,0,0,-0.212430177788689,0,0,-0.323765237839586,0,0,0,0,0,0,0,0,0,0,0,0,0,0,0,0,0,0,0,0,0,0,0,0,0,0,0,0,0,0,0,0,0,0,0,0,0.400121197308278,0,0,0,0,0.0999852713153388,-0.169264708116623,0,-0.170152192536471,0,0
109,0,0,0,0,0,0,0,0,0,0,0,0,0,0,0,0,0,0,0,0,0,0,0,0,0,0,0,0,0,0,0,0,0,0,0,0,0,0,0,0,0,0,0,0,0,0,0,0,0,0,0,0,0,0,0,0,0,0,0,0,0,0,0,0,0,0,0,0,0,0,0,0,0,0,0,0,0,0,0,0,0,0,0,0,0,0,0,0,0,0,0,0,0,0,0,0,1.69243032017916e-6,0,0,0,0,0,0,0,0,0,0,0,0.932078426581907,0,0,0,0,0,0,0,0,0
110,0,0,0,0,0,-0.0862302840077406,-0.553421386971872,0,0,0,0,0,0,0,-0.441100324881468,0,0,0,0,0,0,0,-0.0956569225336968,0,0,-0.17259856961094,0,0,0,0,0.117052071687429,0.0551508334730808,0.0790387393452776,0.10272106677149,0.109520827067724,0.0705466437965081,-0.087509037240248,0,-0.171197164059584,0,0,0,0.062099646081268,0,0,0,0,-0.133205751094999,0.0247677899649772,0.166458493799941,0,0,0.051830480379148,0,0,0.0783005846138568,0.00501503902316903,0.0627375773902105,-0.00271160846709276,0,-0.115872822796389,0.109381089987618,0,-0.0368182408291658,0.00538627864925503,-0.111755911720548,0.0442911343758046,0,0,0.00625729024591097,-0.18724561151306,0,0,0,0.199555742744559,-0.0639085538961135,0,0,-0.117848818585783,0,0,-0.168606103991837,0,0.318728915943509,0,0,0,0,0,0.00751050598867945,0,0,0,0.0572238623373887,0,0.0181320527009655,0.215236055748095,0,0,0,0,0,0,0,-0.0683227381350412,0,0,0,0,-0.197306520868402,0,-0.0409203749924026,0,0,0,0,0,-0.316423960629642
111,-0.0569066565595541,0,0,-0.0308809671664302,0,-0.127711960402431,-0.336278685776024,0,-0.233686486757283,0,0,0,0,0,-0.431547299024612,0,0,0,0.0348131707097219,0,0,-0.0522064600303612,0,-0.00260632470895193,0.110550350414817,0,0,0,0,-0.0110885459808458,0,0,0.062383025048435,-0.0214775935184849,0.0346726264781252,0,-0.0147762158692018,0.0175062142018989,-0.0614816300692907,0,0,0,0,0.057102095956642,0,0,0,-0.00422417207421492,0.00890411008045246,0,0,0,0,0,0,0.0535087644430251,0,0,0.0170456383463136,0,-0.0932945908642975,0,0,0.0222245979103646,0,0,0,-0.146535339646518,0,0,-0.131551721289764,0.0640179371020635,0.128824083122938,0.00139656515759409,0,0,0,0,-0.493073209195809,0,0,0,0,0.423449281028124,0,0,0.124265733165527,0,0,0,-0.051732632303188,0,0,0,-0.00455058400974822,0,0.270150487949513,0,0,0,0,0,0,0,-0.00633013379948254,0,0,-0.00766012707702439,0,0,-0.0727120691834998,-0.210985768519921,0.070946937885471,0,0,-0.0770723110794574,0.0338892206500421,-0.136895108349246
112,0,0,0,0,-0.165945688123318,-0.00170793744411812,-0.231809100907639,0,0,0,0,0.0160677217216062,0,0,-0.117547697576403,0,0,0.0380195655482173,0.0375114922575033,0,0,0,-0.0454947487836506,0,0,0,0,0,0,0,0,0,0.0431168073509796,0.050366300104451,0,0,0.0144272617367302,0,-0.0710753915408414,0,0,0,0,0,0,0,0,0,0,0.0292392061822716,0,0,0,0,0,0,0,0,0,0,-0.114983269930984,0,0,-0.0280231191027835,0,0,0,0,0,0,-0.0641564861609746,0,0,0.0167432175090549,0.0133258747868293,0,0,0,0,0,0,-0.0158537612231759,0,0.188003603397821,0,-0.00772138476841061,0,0,0,0,0.0317179685469262,0,0,0.0570882783792022,0,0,0.487988974806868,0,0,0,0,0,0,-0.0699972620151486,0,0,0,0,0,0,0,-0.187191177255034,0,-0.0937091336988073,0,-0.0219014016232327,0,-0.0685490477632596
113,0,0,0.133569278480158,0,0,0,0,0,0,0,0,0.00933772292550265,0,0.528568542307455,0,0,0,0,0.0522362773848081,0,0,0,0,0,0,0,0,0,0,0,0.364885325430006,0,0,0,0,0,0,0.0173501274802442,-0.0391866610486311,0,0,0,0,0,0,0,0,-0.348998593621015,0.147550422202604,0,0,0,0,0,0,0,0,0,0,0,-0.54198266514049,0,0,0,0,0.232943045895783,0,0,0,0,0,0,0,0,0,0.0687904009530113,0,0,0,0,0,0,0,0,0,0,0,0,-0.0837126629563857,0,0,0,0,0,0,0,0,0,0,0,0,-0.0759465803903106,0,0,0,0,0,0,0,0,0,0,0.161635248150996,0.079395419268937,0,0,0,0
114,0,0,0,0,0,0,0,0,0,0,0,0,0,0,0,0,0,0,0,0,0,0,0,0,0,0,0,0,0,0,0,0,0,0,0,0,0,0,0,0,0,0,0,0,0,0,0,0,0,0,0,0,0,0,0,0,0,0,0,0,0,0,0,0,0,0,0,0,0,0,0,0,0,0,0,0,0,0,0,0,0,0,0,0,0,0,0,0,0,0,0,0,0,0,0,0,0,0,0,0,0,0,0,0,0.306042133001083,0,0,0,0,0,0,0,0,0.359226862256465,0,0,0,0
115,0,0,0,0,0,0,0,0,0,0,0,0,0,0,0,0,0,0,0,0,0,0,0,0,0,0,0,0,0,0,0,0,0,0,0,0,0,0,0,0,0,0,0,0,0,0,0,0,3.28114833357718e-17,0,0,0,0,0,0,0,0,0,0,0,0,0,0,0,0,0,0,0,0,0,0,0,0,0,0,0,0,0,0,0,0,0,0,0,0,0,0,0,0,0,0,0,0,0,0,0,0,0,0,0,0,0,0,0,0,0,0,0,0,0,0,0,0,0,0.927490209060583,0,0,0
116,0,0,0,0,0,0,0,0,0,0,0.930215653819295,0,0,0,0,0,0,0,0,0,0,0,0,0,0,0,0,0,0,0,0,0,0,0.10781692832572,0,0,0,0,0,0,0,0,0,0,0,0,0,0,0,0,0,0,0,0,0,0,0,0,0,0,0.0355735505905852,0,0,0,0,0,0,0,0,0,0,0,0,0,-0.637425417292463,0,0,0,0,0,0,0,0,0,0,0,0,0,0,0,0,0,0,0,0,0,0,0,0,0,0,0,0.353772071593716,0,0,0,0,0,0,0,0,0,0,0,0,0.101525969654819,0,0
117,0,0,-0.03127160243522,0,0,-0.150826543724523,-0.421670321330161,0,0,0,0,0,0,0.0614663583621498,-0.0195399828959854,0,0,0,0,0,0,0,0,0,0,0,0,0,0,0,0,0,0.116248873702901,0,0,0,0,0,0,0,0,0,0,0.0150464313497244,0,0,0,0,0,0,0,0,0,0,0,0,0,0,0,0,-0.179011523144422,0,0.00893376601423494,0,0,0.0604968226095455,0,-0.10882686379062,0,0,-0.0758193763791041,0,0,0,0,0,0,0.00719346967271008,0,0,0,0.0773667579301614,0,0.166317645694138,0,-0.106037146818769,0,0,0,0,0,0,0,0,-0.185576538835044,0,0.0266001130337723,0,0,0,0,0,0,0,0.0583042965743211,0,0,0,0,0,0,0,0.107888557119758,-0.0887051814819786,0,0,0.299916465684029,-0.0854830753158119
118,0,0,0,0,0,0,0,0,0,0,0,0,0,0,0,0,0,0,0,0,0,0,0,0,0,0,0,0,0,0,0,0,0,0,0,0,0,0,0,0,0,0,0,0,0,0,0,0,0,0,0,0,0,0,0,0,0,0,0,0,0,0,0,0,0,0,0,0,0,0,0,0,0,0,0,0,0,0,0,0,0,0,0,0,0,0,0,0,0,0,0,0,0,0,0,0,0,0,0,0,0,0,0,0,0,0,0,0,0,0,0,0,0,0,0,0,0,0.929094474517149
