"system","Cause","Effect","rho_Lmax","p_Z","Kendall_tau","Kendall_p","Convergence","Std_L_strength","SD","SDstd","Cause_type","Effect_type"
"UASB","COD","COD",0.990291618013061,0,1.00000011920929,0.000836610794067383,TRUE,1,0.00288087590949982,0.00328032272542039,"Metabolites","Metabolites"
"UASB","dG","COD",0.914780745287004,7.19943071825213e-09,1.00000011920929,0.000836610794067383,TRUE,0.923748852002238,0.0180725030335804,0.0183127627016534,"Metabolites","Metabolites"
"UASB","Ac","COD",0.83668194596102,4.5987245107515e-06,1.00000011920929,0.000836610794067383,TRUE,0.844884406514269,0.0242528030899751,0.0243173573728061,"Metabolites","Metabolites"
"UASB","Pr","COD",0.777675895611649,4.0252948795283e-06,1,0.00266671180725098,TRUE,0.785299886887856,0.0290083699777833,0.0292827239229401,"Metabolites","Metabolites"
"UASB","Bu","COD",0.784825701753979,3.72393660352799e-09,1.00000011920929,0.000836610794067383,TRUE,0.792519786574249,0.050119216799503,0.0505093136296754,"Metabolites","Metabolites"
"UASB","H2","COD",0.689440370801232,1.11541470504406e-08,1,0.00266671180725098,TRUE,0.69619933993235,0.114811487728783,0.115766066138072,"Metabolites","Metabolites"
"UASB","CH4","COD",0.692575398439936,0.0281784644934028,0.928571462631226,0.00198173522949219,TRUE,0.699365101998471,0.0418335367245775,0.0421351330586496,"Metabolites","Metabolites"
"UASB","pH","COD",0.758297837725274,5.69679259432299e-07,1,0.00266671180725098,TRUE,0.765731855073899,0.0576069740417469,0.0580077455277617,"Metabolites","Metabolites"
"UASB","PC1","COD",0.857315438581387,9.98000147411915e-07,0.904761910438538,0.00686383247375488,TRUE,0.865720180790301,0.0251839676869618,0.0253804531697675,"Metabolites","Community"
"UASB","PC2","COD",0.607981240956101,2.8238455637708e-05,1.00000011920929,0.000836610794067383,TRUE,0.613941620727807,0.0509464080320258,0.0513689552009395,"Metabolites","Community"
"UASB","Div_a","COD",0.645060992065323,1.95029457111806e-05,1,0.00266671180725098,TRUE,0.651384885352847,0.0933780623189056,0.0941562049523938,"Metabolites","Community"
"UASB","Biomass","COD",0.790756056808091,5.34080644288837e-05,0.904761910438538,0.00686383247375488,TRUE,0.798508280212124,0.0248560208087183,0.0251320958347095,"Metabolites","Community"
"UASB","Instability","COD",0.757155151483853,0.00144193940757653,1,0.00266671180725098,TRUE,0.764577966440858,0.027221150255736,0.0274713960270977,"Metabolites","Interaction"
"UASB","P_P_IS","COD",0.759433999573595,1.93963572314715e-06,1,0.00266671180725098,TRUE,0.766879155351569,0.0447582210599476,0.0451023207430679,"Metabolites","Interaction"
"UASB","P_N_IS","COD",0.448992699396404,0.000501575546093314,1,0.00266671180725098,TRUE,0.453394425671572,0.0631025507778539,0.0635742488826548,"Metabolites","Interaction"
"UASB","Complexity","COD",0.556046874025419,5.89472741694408e-05,1,0.00266671180725098,TRUE,0.561498112183441,0.068196470806914,0.0686949005077622,"Metabolites","Interaction"
"UASB","Ave_P_IS","COD",0.65963896616267,0.000161557805585577,1,0.00266671180725098,TRUE,0.666105775474685,0.0367370816084853,0.0370434349417743,"Metabolites","Interaction"
"UASB","Ave_N_IS","COD",0.669307763462236,0.000720924608905271,1,0.00266671180725098,TRUE,0.675869361395936,0.0394587138315975,0.0398020820776937,"Metabolites","Interaction"
"UASB","Centrality","COD",0.550169392182712,4.65499442479089e-05,1,0.00266671180725098,TRUE,0.555563010102602,0.0704621758290296,0.0709788020657776,"Metabolites","Interaction"
"UASB","COD","dG",0.939470706205954,9.95134641357254e-10,1.00000011920929,0.000836610794067383,TRUE,0.94868086240185,0.0107219330780848,0.0107966838560401,"Metabolites","Metabolites"
"UASB","dG","dG",0.992572353566981,0,1.00000011920929,0.000836610794067383,TRUE,1.00230309487876,0.00390570889132706,0.00385120283151194,"Metabolites","Metabolites"
"UASB","Ac","dG",0.810971506958002,6.83866981932013e-08,0.928571462631226,0.00198173522949219,TRUE,0.818921913713811,0.0241802687516778,0.0244690862655826,"Metabolites","Metabolites"
"UASB","Pr","dG",0.851212187323307,1.55086437725327e-06,0.928571462631226,0.00198173522949219,TRUE,0.859557095950378,0.0179831809758538,0.0181186672703094,"Metabolites","Metabolites"
"UASB","Bu","dG",0.839841170520151,3.9279690611238e-13,1.00000011920929,0.000836610794067383,TRUE,0.848074602716746,0.0493361928057387,0.0497667810188498,"Metabolites","Metabolites"
"UASB","H2","dG",0.686247056499825,3.98856150629623e-06,1,0.00266671180725098,TRUE,0.692974719786807,0.0524764779728101,0.0529556686216296,"Metabolites","Metabolites"
"UASB","CH4","dG",0.762091656956626,0.000265852135982625,1.00000011920929,0.000836610794067383,TRUE,0.769562867234705,0.0406003570171044,0.0409398288052675,"Metabolites","Metabolites"
"UASB","pH","dG",0.843775281111706,3.6364339872641e-08,1,0.00266671180725098,TRUE,0.852047281592337,0.042632466448294,0.0430138372180518,"Metabolites","Metabolites"
"UASB","PC1","dG",0.925373856825521,2.43804976207684e-13,1,0.00266671180725098,TRUE,0.934445813731321,0.0364884132310674,0.036808674959527,"Metabolites","Community"
"UASB","PC2","dG",0.641525561886896,0.000288184556469173,0.904761910438538,0.00686383247375488,TRUE,0.647814795377209,0.0595059359973426,0.0600556208548742,"Metabolites","Community"
"UASB","Div_a","dG",0.604551838361134,0.000100632974211479,1,0.00266671180725098,TRUE,0.610478597783265,0.0463304010178841,0.0467362646308993,"Metabolites","Community"
"UASB","Biomass","dG",0.74532626869229,0.000362653243772493,1,0.00266671180725098,TRUE,0.752633118502736,0.0222018188385566,0.0224718220172503,"Metabolites","Community"
"UASB","Instability","dG",0.799312255313861,6.90103005857035e-05,1,0.00266671180725098,TRUE,0.807148359912019,0.044469451634276,0.0448555109787666,"Metabolites","Interaction"
"UASB","P_P_IS","dG",0.842709357506685,6.29102325788722e-11,1,0.00266671180725098,TRUE,0.850970908142707,0.0400388386254923,0.0403287932645082,"Metabolites","Interaction"
"UASB","P_N_IS","dG",0.569970099419045,1.11058808881515e-05,1,0.00266671180725098,TRUE,0.575557834734221,0.0622032959121628,0.0626928502460501,"Metabolites","Interaction"
"UASB","Complexity","dG",0.676898675105197,7.52226669842315e-08,1,0.00266671180725098,TRUE,0.683534690986619,0.0697264158565158,0.0702792350830182,"Metabolites","Interaction"
"UASB","Ave_P_IS","dG",0.681669464313198,5.14390407150289e-05,1,0.00266671180725098,TRUE,0.688352250906568,0.0559572730845066,0.0563976378446737,"Metabolites","Interaction"
"UASB","Ave_N_IS","dG",0.728566275276066,3.13419286613881e-05,1,0.00266671180725098,TRUE,0.735708817507589,0.0694909710549979,0.0700439910675904,"Metabolites","Interaction"
"UASB","Centrality","dG",0.675522286654395,1.36481890233853e-08,1,0.00266671180725098,TRUE,0.682144809030874,0.0748679601493561,0.0754845996533723,"Metabolites","Interaction"
"UASB","COD","Ac",0.830892570437383,4.34655657211014e-06,0.928571462631226,0.00198173522949219,TRUE,0.839038274507969,0.0172624143265385,0.0174067447011816,"Metabolites","Metabolites"
"UASB","dG","Ac",0.821737998832731,1.7680297577094e-06,0.928571462631226,0.00198173522949219,TRUE,0.829793955523406,0.0186001467247889,0.0187128970948589,"Metabolites","Metabolites"
"UASB","Ac","Ac",0.986538519794783,0,0.928571462631226,0.00198173522949219,TRUE,0.99621010806311,0.00299115235168379,0.0033388085587477,"Metabolites","Metabolites"
"UASB","Pr","Ac",0.72334687880778,1.46134198519832e-05,1,0.00266671180725098,TRUE,0.730438252379755,0.041186320975031,0.0415920334097865,"Metabolites","Metabolites"
"UASB","Bu","Ac",0.842989493531157,1.1257794696462e-10,1,0.00266671180725098,TRUE,0.851253790497133,0.0479666738234256,0.0483805157765057,"Metabolites","Metabolites"
"UASB","H2","Ac",0.748483687677794,1.18212457600464e-08,1,0.00266671180725098,TRUE,0.75582149143054,0.0552081975570776,0.0556610897594325,"Metabolites","Metabolites"
"UASB","CH4","Ac",0.616648769307954,0.000180766280438505,1.00000011920929,0.000836610794067383,TRUE,0.622694121702463,0.0374567985280756,0.0378003219269537,"Metabolites","Metabolites"
"UASB","pH","Ac",0.790919404850908,5.3415116774147e-10,1,0.00266671180725098,TRUE,0.798673229647064,0.0728182077552066,0.073431985680891,"Metabolites","Metabolites"
"UASB","PC1","Ac",0.957374777823014,1.65156442433201e-06,0.428571432828903,0.229556202888489,FALSE,0.966760457635609,0.0138372658672549,0.0140693723441265,"Metabolites","Community"
"UASB","PC2","Ac",0.766487238264241,7.85655826729403e-07,1,0.00266671180725098,TRUE,0.774001540881599,0.0415102295119841,0.0418550297842621,"Metabolites","Community"
"UASB","Div_a","Ac",0.680190160457132,0.000709663358509194,1,0.00266671180725098,TRUE,0.686858444608345,0.0379027320249041,0.0382125077120532,"Metabolites","Community"
"UASB","Biomass","Ac",0.728922138738185,0.000594679556091382,0.904761910438538,0.00686383247375488,TRUE,0.736068169698041,0.0537273785384589,0.0542778105591345,"Metabolites","Community"
"UASB","Instability","Ac",0.797519961628295,0.053136233308233,0.428571432828903,0.229556202888489,FALSE,0.805338495370135,0.0154199660349943,0.0155613708448926,"Metabolites","Interaction"
"UASB","P_P_IS","Ac",0.834773750429529,0.000767978898419841,0.61904764175415,0.0715054273605347,FALSE,0.842957503875913,0.0201919834532945,0.0203870588150378,"Metabolites","Interaction"
"UASB","P_N_IS","Ac",0.604163758346526,9.10981884838513e-06,1,0.00266671180725098,TRUE,0.610086713203461,0.0521574338083471,0.0525865860887239,"Metabolites","Interaction"
"UASB","Complexity","Ac",0.718037734248979,0.000327955700010096,0.904761910438538,0.00686383247375488,TRUE,0.725077059310734,0.0308435152518039,0.0311802536391442,"Metabolites","Interaction"
"UASB","Ave_P_IS","Ac",0.635965708195983,0.00251081905377737,1,0.00266671180725098,TRUE,0.642200435334387,0.0253382210252992,0.0255458141481608,"Metabolites","Interaction"
"UASB","Ave_N_IS","Ac",0.777868031639547,0.00833476871513561,0.61904764175415,0.0715054273605347,FALSE,0.785493906532579,0.0200946848060729,0.0202888679155401,"Metabolites","Interaction"
"UASB","Centrality","Ac",0.695851896660284,0.00028998882086384,0.904761910438538,0.00686383247375488,TRUE,0.702673721561386,0.0332826381876585,0.0336376025925051,"Metabolites","Interaction"
"UASB","COD","Pr",0.758183503643437,7.21438986328593e-08,1,0.00266671180725098,TRUE,0.765616400111181,0.0310574558791865,0.0313539129262713,"Metabolites","Metabolites"
"UASB","dG","Pr",0.813045445022611,4.20070630946512e-07,1,0.00266671180725098,TRUE,0.821016183751933,0.0217309347044801,0.021991696504123,"Metabolites","Metabolites"
"UASB","Ac","Pr",0.82946793474923,3.25700829972853e-07,1,0.00266671180725098,TRUE,0.83759967232025,0.0203819780734989,0.0206114306602743,"Metabolites","Metabolites"
"UASB","Pr","Pr",0.996316919545495,0,1.00000011920929,0.000836610794067383,TRUE,1.00608437092957,0.0020706610065327,0.00089925095377094,"Metabolites","Metabolites"
"UASB","Bu","Pr",0.708088302884492,7.15390862671139e-06,1,0.00266671180725098,TRUE,0.715030088112038,0.0511008055774223,0.0515832589738268,"Metabolites","Metabolites"
"UASB","H2","Pr",0.560518129543122,0.00425605113222438,1,0.00266671180725098,TRUE,0.566013201916983,0.0360552052283075,0.0363581738665336,"Metabolites","Metabolites"
"UASB","CH4","Pr",0.568837802499511,0.00120183484308023,1,0.00266671180725098,TRUE,0.574414437275393,0.04868880074287,0.0490733153130247,"Metabolites","Metabolites"
"UASB","pH","Pr",0.693290365983887,0.00120650112703602,1,0.00266671180725098,TRUE,0.700087078768693,0.058441405265969,0.0589355511577634,"Metabolites","Metabolites"
"UASB","PC1","Pr",0.841802831104436,2.40464315126587e-11,1,0.00266671180725098,TRUE,0.850055494555679,0.0401517188920552,0.0404594898505749,"Metabolites","Community"
"UASB","PC2","Pr",0.850406528280401,5.03104348181793e-07,1,0.00266671180725098,TRUE,0.858743538581769,0.017971996820957,0.0181296537571951,"Metabolites","Community"
"UASB","Div_a","Pr",0.629319400592988,1.45934739109732e-05,1,0.00266671180725098,TRUE,0.635488970264805,0.0367179058584211,0.0369075799983514,"Metabolites","Community"
"UASB","Biomass","Pr",0.612508364613852,0.0181422429207013,1.00000011920929,0.000836610794067383,TRUE,0.618513126307986,0.0303352833496156,0.0305408676106791,"Metabolites","Community"
"UASB","Instability","Pr",0.70989452059634,4.83662396211226e-06,1,0.00266671180725098,TRUE,0.716854013185212,0.0300604948349036,0.0303414268830034,"Metabolites","Interaction"
"UASB","P_P_IS","Pr",0.770128961712127,2.94661695043885e-08,1,0.00266671180725098,TRUE,0.777678966179001,0.0378834114067863,0.0382229216839377,"Metabolites","Interaction"
"UASB","P_N_IS","Pr",0.443253613146987,0.000879139591634104,1,0.00266671180725098,TRUE,0.447599075953344,0.0596517560490519,0.0601398840899031,"Metabolites","Interaction"
"UASB","Complexity","Pr",0.599467031117616,0.000136155315784814,1,0.00266671180725098,TRUE,0.605343941333562,0.0439298066389044,0.0442857314281553,"Metabolites","Interaction"
"UASB","Ave_P_IS","Pr",0.511555616712933,0.000949349478309824,1,0.00266671180725098,TRUE,0.516570682219171,0.0441684132591544,0.0445281091473179,"Metabolites","Interaction"
"UASB","Ave_N_IS","Pr",0.620316500382079,5.74383512614851e-05,1,0.00266671180725098,TRUE,0.626397809593394,0.0546978546974736,0.0551255472761226,"Metabolites","Interaction"
"UASB","Centrality","Pr",0.59637680206939,9.75575600395961e-05,1,0.00266671180725098,TRUE,0.602223417043528,0.0474613512951032,0.0478398855492665,"Metabolites","Interaction"
"UASB","COD","Bu",0.768051452693428,5.72912431606731e-07,1.00000011920929,0.000836610794067383,TRUE,0.77558109017873,0.0263839513847504,0.0266563815208264,"Metabolites","Metabolites"
"UASB","dG","Bu",0.760687499524223,4.54519514581087e-07,1.00000011920929,0.000836610794067383,TRUE,0.768144944062518,0.0240850870104003,0.024338992417273,"Metabolites","Metabolites"
"UASB","Ac","Bu",0.83063649643285,4.86453301196121e-07,1.00000011920929,0.000836610794067383,TRUE,0.838779690066906,0.0158986067653373,0.0160735198953594,"Metabolites","Metabolites"
"UASB","Pr","Bu",0.721515853059447,1.86541365791992e-05,1,0.00266671180725098,TRUE,0.728589276063055,0.0387094622294441,0.0390896208275346,"Metabolites","Metabolites"
"UASB","Bu","Bu",0.978702382767658,0,1.00000011920929,0.000836610794067383,TRUE,0.98829714900682,0.0117164549714788,0.011248115539277,"Metabolites","Metabolites"
"UASB","H2","Bu",0.728797444723258,7.79754943946998e-08,1,0.00266671180725098,TRUE,0.735942253238021,0.0501663167822118,0.0506114346427949,"Metabolites","Metabolites"
"UASB","CH4","Bu",0.635468759833148,8.04485208993899e-06,1.00000011920929,0.000836610794067383,TRUE,0.641698615109117,0.0437328166454713,0.0441104802391384,"Metabolites","Metabolites"
"UASB","pH","Bu",0.738192109609524,1.2899726420379e-07,1,0.00266671180725098,TRUE,0.745429019272774,0.0769439383168056,0.0775711363407335,"Metabolites","Metabolites"
"UASB","PC1","Bu",0.933150425810321,3.33283841857934e-07,0.904761910438538,0.00686383247375488,TRUE,0.942298620766488,0.024547055750442,0.0247805750455071,"Metabolites","Community"
"UASB","PC2","Bu",0.901512887061731,6.61141141833355e-11,1,0.00266671180725098,TRUE,0.910350921550303,0.0409179732232276,0.0412981786081751,"Metabolites","Community"
"UASB","Div_a","Bu",0.684950746962031,5.90087425169639e-05,0.904761910438538,0.00686383247375488,TRUE,0.691665701802393,0.0395288515970018,0.0398951790644961,"Metabolites","Community"
"UASB","Biomass","Bu",0.681713732950562,0.000600224208170852,1,0.00266671180725098,TRUE,0.688396953534116,0.0834526358559314,0.0841030678773867,"Metabolites","Community"
"UASB","Instability","Bu",0.771363781804593,0.000146247289291024,1,0.00266671180725098,TRUE,0.778925891902701,0.0274358576155382,0.027658413621032,"Metabolites","Interaction"
"UASB","P_P_IS","Bu",0.825677166217682,5.49125927140626e-06,0.904761910438538,0.00686383247375488,TRUE,0.833771740766962,0.0227576689453781,0.0229841221016065,"Metabolites","Interaction"
"UASB","P_N_IS","Bu",0.519235819195411,0.00203303524221676,1,0.00266671180725098,TRUE,0.524326178017355,0.0463575610121159,0.0467265931767017,"Metabolites","Interaction"
"UASB","Complexity","Bu",0.717344395324187,1.525811545533e-05,1,0.00266671180725098,TRUE,0.724376923197108,0.0262032782646982,0.026507122751357,"Metabolites","Interaction"
"UASB","Ave_P_IS","Bu",0.652030843036042,0.000168243082072972,1,0.00266671180725098,TRUE,0.658423065666544,0.0458608784715567,0.0462420760175617,"Metabolites","Interaction"
"UASB","Ave_N_IS","Bu",0.767529032136426,4.99699683853549e-08,1.00000011920929,0.000836610794067383,TRUE,0.775053548041142,0.0337525077445169,0.0340428403814045,"Metabolites","Interaction"
"UASB","Centrality","Bu",0.707476721313954,1.74222347510966e-05,1,0.00266671180725098,TRUE,0.714412510865687,0.0263563497684725,0.026655562899077,"Metabolites","Interaction"
"UASB","COD","H2",0.81812416674505,1.85858017864859e-09,1.00000011920929,0.000836610794067383,TRUE,0.826144695020795,0.020591770736494,0.0207758002385047,"Metabolites","Metabolites"
"UASB","dG","H2",0.809068839383068,2.57888266297357e-09,1.00000011920929,0.000836610794067383,TRUE,0.817000593225658,0.0259802696884643,0.0262299448428854,"Metabolites","Metabolites"
"UASB","Ac","H2",0.782491313445594,3.8290365589333e-07,1.00000011920929,0.000836610794067383,TRUE,0.790162512953103,0.0237216471061628,0.0239702031180803,"Metabolites","Metabolites"
"UASB","Pr","H2",0.822165702126576,8.3935130623658e-08,1.00000011920929,0.000836610794067383,TRUE,0.830225851831589,0.0177713107983589,0.0180064139461564,"Metabolites","Metabolites"
"UASB","Bu","H2",0.910594492494998,8.1556983388964e-13,1.00000011920929,0.000836610794067383,TRUE,0.919521559035339,0.0286014613760121,0.0288073066957658,"Metabolites","Metabolites"
"UASB","H2","H2",0.905016551372437,6.45594688819529e-13,1.00000011920929,0.000836610794067383,TRUE,0.913888934239672,0.054196877383334,0.0544033101345884,"Metabolites","Metabolites"
"UASB","CH4","H2",0.681333513277365,1.02181441434812e-05,1.00000011920929,0.000836610794067383,TRUE,0.688013006355042,0.0437786163930576,0.0440904098880975,"Metabolites","Metabolites"
"UASB","pH","H2",0.898940044076869,0,1.00000011920929,0.000836610794067383,TRUE,0.907752855548266,0.0316224578980833,0.0319705755037131,"Metabolites","Metabolites"
"UASB","PC1","H2",0.908675161561575,1.88737914186277e-15,1.00000011920929,0.000836610794067383,TRUE,0.917583411828485,0.010970620435327,0.0110901706316817,"Metabolites","Community"
"UASB","PC2","H2",0.87349939536614,1.20185434937525e-08,1,0.00266671180725098,TRUE,0.882062797945059,0.0284407156485715,0.0286458265435674,"Metabolites","Community"
"UASB","Div_a","H2",0.670186613204111,5.03802016182942e-06,1.00000011920929,0.000836610794067383,TRUE,0.676756826992826,0.0515978417047482,0.0518419654123736,"Metabolites","Community"
"UASB","Biomass","H2",0.758243175423008,1.94648705598155e-07,1.00000011920929,0.000836610794067383,TRUE,0.765676656886545,0.0326476974227642,0.0328721185135991,"Metabolites","Community"
"UASB","Instability","H2",0.794378870069166,9.34847999012334e-09,1.00000011920929,0.000836610794067383,TRUE,0.802166609935588,0.0258541264329548,0.0261100342165691,"Metabolites","Interaction"
"UASB","P_P_IS","H2",0.811128346581622,8.52401734308117e-07,1,0.00266671180725098,TRUE,0.819080290923884,0.0260167011701871,0.0262214686636924,"Metabolites","Interaction"
"UASB","P_N_IS","H2",0.636034392648736,2.0995363719134e-05,1.00000011920929,0.000836610794067383,TRUE,0.642269793139204,0.0361859858897583,0.0365191607917636,"Metabolites","Interaction"
"UASB","Complexity","H2",0.732044652120153,9.60748468481487e-06,1,0.00266671180725098,TRUE,0.739221294823176,0.0258978732451803,0.0261113857347873,"Metabolites","Interaction"
"UASB","Ave_P_IS","H2",0.685023034145402,1.99639929765461e-06,1.00000011920929,0.000836610794067383,TRUE,0.691738697657408,0.0586112329469357,0.0590559999537821,"Metabolites","Interaction"
"UASB","Ave_N_IS","H2",0.749789833102903,4.28241611949431e-07,1,0.00266671180725098,TRUE,0.757140441728967,0.0284045761201725,0.0286434654876643,"Metabolites","Interaction"
"UASB","Centrality","H2",0.732730882375502,1.1210413125573e-06,1.00000011920929,0.000836610794067383,TRUE,0.739914252577101,0.0304779606917931,0.0307402826522115,"Metabolites","Interaction"
"UASB","COD","CH4",0.860982307821337,1.04420538560301e-06,1.00000011920929,0.000836610794067383,TRUE,0.869422998398015,0.0145064039079515,0.0146024489655689,"Metabolites","Metabolites"
"UASB","dG","CH4",0.882594092728635,9.34840221900046e-08,1.00000011920929,0.000836610794067383,TRUE,0.891246655706819,0.013695733154275,0.0138431752847943,"Metabolites","Metabolites"
"UASB","Ac","CH4",0.723373760750305,2.08512518362625e-09,1,0.00266671180725098,TRUE,0.730465397860981,0.0523721737185528,0.05290500982128,"Metabolites","Metabolites"
"UASB","Pr","CH4",0.773821792058825,0.000209764712546412,1.00000011920929,0.000836610794067383,TRUE,0.781407999404696,0.0183505880997855,0.0185722106110085,"Metabolites","Metabolites"
"UASB","Bu","CH4",0.719181891584599,6.91202850511274e-08,1.00000011920929,0.000836610794067383,TRUE,0.726232433459932,0.0535188221616396,0.0539619033377558,"Metabolites","Metabolites"
"UASB","H2","CH4",0.654235269202285,8.89981099705395e-07,1,0.00266671180725098,TRUE,0.660649103054062,0.0917592189821653,0.0925522035524879,"Metabolites","Metabolites"
"UASB","CH4","CH4",0.969153117475756,1.11022302462516e-15,1.00000011920929,0.000836610794067383,TRUE,0.978654266932283,0.00807344444798234,0.00820352852878714,"Metabolites","Metabolites"
"UASB","pH","CH4",0.78496401678372,1.25569191433694e-05,1,0.00266671180725098,TRUE,0.792659457583501,0.0602498720219351,0.0606674082080687,"Metabolites","Metabolites"
"UASB","PC1","CH4",0.583932555898676,0.0189481849650548,1,0.00266671180725098,TRUE,0.589657172975259,0.0309608778299452,0.0312252534974166,"Metabolites","Community"
"UASB","PC2","CH4",0.624947343591489,4.03251151617212e-05,1.00000011920929,0.000836610794067383,TRUE,0.631074051545942,0.0413332874386188,0.041639336550562,"Metabolites","Community"
"UASB","Div_a","CH4",0.541235740695107,6.23458339676919e-06,0.975900053977966,0.00389790534973145,TRUE,0.546541777038417,0.121236937958786,0.122241605819338,"Metabolites","Community"
"UASB","Biomass","CH4",0.754810942216777,8.5727670959046e-05,1,0.00266671180725098,TRUE,0.762210775580676,0.0397365533868613,0.040148712007033,"Metabolites","Community"
"UASB","Instability","CH4",0.580884811883281,0.0048391013413025,1.00000011920929,0.000836610794067383,TRUE,0.586579550222569,0.0376739433632485,0.0379740598689581,"Metabolites","Interaction"
"UASB","P_P_IS","CH4",0.447581268148402,0.0496366596524942,0.928571462631226,0.00198173522949219,TRUE,0.451969157374509,0.0490410221169429,0.0494453002143917,"Metabolites","Interaction"
"UASB","P_N_IS","CH4",0.305121437401915,0.0115242303588892,0.878310024738312,0.00980913639068604,TRUE,0.308112713317837,0.0774997960132494,0.0781050594888423,"Metabolites","Interaction"
"UASB","Complexity","CH4",0.281309608557561,0.030202648891674,1.00000011920929,0.000836610794067383,TRUE,0.284067443812143,0.0656946918031612,0.0662103567290562,"Metabolites","Interaction"
"UASB","Ave_P_IS","CH4",0.560174684550778,7.91753602269463e-05,1,0.00266671180725098,TRUE,0.565666389941503,0.0639424194113565,0.0644541105476094,"Metabolites","Interaction"
"UASB","Ave_N_IS","CH4",0.482360376425221,0.00154725771298936,1.00000011920929,0.000836610794067383,TRUE,0.487089224680138,0.0494406070095022,0.0498231264277752,"Metabolites","Interaction"
"UASB","Centrality","CH4",0.298249397503722,0.0893556389486891,0.904761910438538,0.00686383247375488,FALSE,0.301173302973255,0.05852035422455,0.0589724935208525,"Metabolites","Interaction"
"UASB","COD","pH",0.694382566426485,2.33871740094038e-05,1,0.00266671180725098,TRUE,0.701189986662421,0.0478779905629613,0.0482539449999068,"Metabolites","Metabolites"
"UASB","dG","pH",0.709222968889908,0.0040245036749792,0.785714328289032,0.00937473773956299,TRUE,0.71617587788222,0.0222716967535829,0.0224103888042008,"Metabolites","Metabolites"
"UASB","Ac","pH",0.745625034619021,5.43971148125877e-08,1,0.00266671180725098,TRUE,0.752934813398761,0.0526880848716602,0.0531438093443515,"Metabolites","Metabolites"
"UASB","Pr","pH",0.747722282936749,0.00118713282656979,0.809523820877075,0.0162609815597534,TRUE,0.755052622213437,0.0139799029485833,0.014242627359209,"Metabolites","Metabolites"
"UASB","Bu","pH",0.764476300784245,9.03282959541230e-09,1,0.00266671180725098,TRUE,0.771970889058018,0.070097417981145,0.0707644488549612,"Metabolites","Metabolites"
"UASB","H2","pH",0.665394401042869,0.000140889520900522,1,0.00266671180725098,TRUE,0.671917634098457,0.0694340097393605,0.070078941126611,"Metabolites","Metabolites"
"UASB","CH4","pH",0.71166887614385,0.000100073206032558,1.00000011920929,0.000836610794067383,TRUE,0.718645763731451,0.0304908006258276,0.0307402525986846,"Metabolites","Metabolites"
"UASB","pH","pH",0.968504423536755,0,1.00000011920929,0.000836610794067383,TRUE,0.977999213484186,0.0202384284102768,0.0204625387320586,"Metabolites","Metabolites"
"UASB","PC1","pH",0.772711424495717,7.75502212002621e-07,0.904761910438538,0.00686383247375488,TRUE,0.780286746288027,0.0197863112502221,0.0199144592141654,"Metabolites","Community"
"UASB","PC2","pH",0.799728917600322,2.07130979035242e-10,1,0.00266671180725098,TRUE,0.807569106971654,0.0471953505240433,0.0476256714933731,"Metabolites","Community"
"UASB","Div_a","pH",0.725126940366023,2.60955301811805e-08,1,0.00266671180725098,TRUE,0.732235764875937,0.0690687940285976,0.0696557281385308,"Metabolites","Community"
"UASB","Biomass","pH",0.73163216337202,0.00110403513197588,1,0.00266671180725098,TRUE,0.738804762217396,0.0234264949547731,0.0236131173472709,"Metabolites","Community"
"UASB","Instability","pH",0.677758168787531,8.59160288897431e-05,1,0.00266671180725098,TRUE,0.684402610765703,0.025359813246324,0.0255721084422461,"Metabolites","Interaction"
"UASB","P_P_IS","pH",0.702678623768942,4.14257850356314e-07,0.904761910438538,0.00686383247375488,TRUE,0.709567374889842,0.0367067820820738,0.036948582809368,"Metabolites","Interaction"
"UASB","P_N_IS","pH",0.434268102323568,0.0357590030858743,0.809523820877075,0.0162609815597534,TRUE,0.438525475147302,0.0304255326400968,0.0307068470569168,"Metabolites","Interaction"
"UASB","Complexity","pH",0.55535987748756,0.000466403408785898,1,0.00266671180725098,TRUE,0.56080438063471,0.0460616746290652,0.0464295672079824,"Metabolites","Interaction"
"UASB","Ave_P_IS","pH",0.623826376184784,8.84932095782665e-05,1,0.00266671180725098,TRUE,0.629942094669488,0.0534632669521906,0.0539086519620781,"Metabolites","Interaction"
"UASB","Ave_N_IS","pH",0.599538298292836,5.17598090374882e-05,1,0.00266671180725098,TRUE,0.605415907180715,0.050601208768137,0.0510382149004286,"Metabolites","Interaction"
"UASB","Centrality","pH",0.530091722029459,0.000884969718999873,1,0.00266671180725098,TRUE,0.535288507331855,0.0477361323487163,0.0481166660355836,"Metabolites","Interaction"
"UASB","COD","PC1",0.674711198181603,1.80431951459781e-05,1,0.00266671180725098,TRUE,0.681325769004645,0.043403961226182,0.0437768256105716,"Community","Metabolites"
"UASB","dG","PC1",0.695522569598005,7.45685591425627e-05,1,0.00266671180725098,TRUE,0.702341165921927,0.0446910090791794,0.0450593820996815,"Community","Metabolites"
"UASB","Ac","PC1",0.809149592244382,1.83159909461494e-09,1,0.00266671180725098,TRUE,0.817082137752387,0.0348079692667376,0.0350208524141802,"Community","Metabolites"
"UASB","Pr","PC1",0.834312891581724,4.09139703927419e-06,1,0.00266671180725098,TRUE,0.842492126971351,0.0107766967246216,0.010913520627066,"Community","Metabolites"
"UASB","Bu","PC1",0.784449156690146,7.9642484118736e-07,1,0.00266671180725098,TRUE,0.792139550028787,0.041827927240989,0.0422580630828284,"Community","Metabolites"
"UASB","H2","PC1",0.679241177101353,0.000109973264828311,1,0.00266671180725098,TRUE,0.685900157838552,0.0461397954671673,0.0465844263543523,"Community","Metabolites"
"UASB","CH4","PC1",0.370926912700776,0.0105094057112776,1,0.00266671180725098,TRUE,0.374563316455218,0.0715747276927827,0.0721601952686025,"Community","Metabolites"
"UASB","pH","PC1",0.737229587690163,5.54290124921142e-06,1,0.00266671180725098,TRUE,0.744457061213296,0.049281499020463,0.0496802925871781,"Community","Metabolites"
"UASB","PC1","PC1",0.992632417664788,0,1.00000011920929,0.000836610794067383,TRUE,1.00236374781847,0.00145309031941589,0.00202589713996559,"Community","Community"
"UASB","PC2","PC1",0.914589672677639,9.65894031423886e-15,1,0.00266671180725098,TRUE,0.923555906201335,0.0219805292856731,0.0221848788652146,"Community","Community"
"UASB","Div_a","PC1",0.781459702749214,1.72734948566955e-09,1,0.00266671180725098,TRUE,0.789120788800726,0.0406085265666812,0.0409961497577094,"Community","Community"
"UASB","Biomass","PC1",0.738865718750898,0.00121128568093687,1,0.00266671180725098,TRUE,0.746109232180892,0.0423751994847619,0.0427677758435956,"Community","Community"
"UASB","Instability","PC1",0.823546685987416,0.000170833684224769,1,0.00266671180725098,TRUE,0.831620374248744,0.0140848636048221,0.0144145728219754,"Community","Interaction"
"UASB","P_P_IS","PC1",0.881921142176424,2.56047575475371e-07,1,0.00266671180725098,TRUE,0.89056710784438,0.0110584072921933,0.0113011760295049,"Community","Interaction"
"UASB","P_N_IS","PC1",0.565056979295112,0.000311409525039053,1,0.00266671180725098,TRUE,0.570596548548853,0.0396055801395764,0.0399247433568397,"Community","Interaction"
"UASB","Complexity","PC1",0.759638186202927,2.15974445346712e-05,1,0.00266671180725098,TRUE,0.767085343736503,0.0188442455313301,0.019022799323127,"Community","Interaction"
"UASB","Ave_P_IS","PC1",0.679469695249709,0.000276724508167292,1,0.00266671180725098,TRUE,0.686130916277985,0.0319190949475705,0.0321898092359099,"Community","Interaction"
"UASB","Ave_N_IS","PC1",0.807297687925955,0.000147084146185916,1,0.00266671180725098,TRUE,0.815212078181306,0.0176586774897995,0.0177879603934548,"Community","Interaction"
"UASB","Centrality","PC1",0.748848265946988,2.50900700567991e-05,1,0.00266671180725098,TRUE,0.756189643864189,0.0206876953865266,0.0208694610910491,"Community","Interaction"
"UASB","COD","PC2",0.737899824022329,6.96120408227863e-06,1,0.00266671180725098,TRUE,0.745133868246673,0.0313390371369756,0.0316028247421208,"Community","Metabolites"
"UASB","dG","PC2",0.770321510629999,3.57880589796356e-06,1,0.00266671180725098,TRUE,0.777873402761487,0.0401901614377852,0.0405345801427028,"Community","Metabolites"
"UASB","Ac","PC2",0.857957211730184,2.690757616719e-09,1,0.00266671180725098,TRUE,0.866368245599822,0.0214412856203051,0.0216558556844988,"Community","Metabolites"
"UASB","Pr","PC2",0.849728875142993,2.86390685610982e-08,1,0.00266671180725098,TRUE,0.858059242032064,0.033113157786305,0.0334083271764898,"Community","Metabolites"
"UASB","Bu","PC2",0.830669424191925,2.34947283850317e-10,1,0.00266671180725098,TRUE,0.838812940635199,0.0613414431358637,0.0618652940602028,"Community","Metabolites"
"UASB","H2","PC2",0.732664690526668,2.22039481800884e-07,1,0.00266671180725098,TRUE,0.739847411812593,0.0763677429777832,0.0769946027904251,"Community","Metabolites"
"UASB","CH4","PC2",0.44164285537532,0.00377503108525667,1,0.00266671180725098,TRUE,0.445972527023344,0.0636662834604208,0.0642000290863807,"Community","Metabolites"
"UASB","pH","PC2",0.800038616944712,0.000179067430829516,1,0.00266671180725098,TRUE,0.80788184247174,0.021917026239189,0.0221770690463856,"Community","Metabolites"
"UASB","PC1","PC2",0.973608247297755,0,1,0.00266671180725098,TRUE,0.983153072880915,0.0117357835950617,0.0119153024057526,"Community","Community"
"UASB","PC2","PC2",0.99222643653682,0,1.00000011920929,0.000836610794067383,TRUE,1.00195378663069,0.00211050153810848,0.00213395476306255,"Community","Community"
"UASB","Div_a","PC2",0.767452158634309,2.41254063915175e-06,1,0.00266671180725098,TRUE,0.774975920905136,0.0318409488367081,0.0321105830416879,"Community","Community"
"UASB","Biomass","PC2",0.794195901667813,1.90831814099734e-05,1,0.00266671180725098,TRUE,0.801981847792776,0.0273825287944193,0.0276909140163683,"Community","Community"
"UASB","Instability","PC2",0.832339222218843,5.44357259835149e-05,1,0.00266671180725098,TRUE,0.840499108625057,0.0179166102041657,0.0180711953157009,"Community","Interaction"
"UASB","P_P_IS","PC2",0.864656271899934,8.57677817656111e-10,1,0.00266671180725098,TRUE,0.873132980399042,0.0166005580910925,0.0167804971861384,"Community","Interaction"
"UASB","P_N_IS","PC2",0.574831195881834,0.000505915006886903,1,0.00266671180725098,TRUE,0.580466587241428,0.0382932145697912,0.0386297999731447,"Community","Interaction"
"UASB","Complexity","PC2",0.734707974915785,2.15653781920899e-06,1,0.00266671180725098,TRUE,0.741910727660118,0.0245152489842709,0.0247504232407732,"Community","Interaction"
"UASB","Ave_P_IS","PC2",0.674509367962218,0.000200206582559037,1,0.00266671180725098,TRUE,0.681121960130861,0.0329602377582508,0.0332088990461963,"Community","Interaction"
"UASB","Ave_N_IS","PC2",0.787394455505258,3.99382082139077e-06,1,0.00266671180725098,TRUE,0.795113723253662,0.0288005830928776,0.0290833807028817,"Community","Interaction"
"UASB","Centrality","PC2",0.726168856888015,2.16029801636264e-06,1,0.00266671180725098,TRUE,0.733287895887691,0.0246074969732546,0.024837569261765,"Community","Interaction"
"UASB","COD","Div_a",0.661353905742546,0.000801206612080607,0.904761910438538,0.00686383247375488,TRUE,0.667837527565364,0.057596746454582,0.0581717475340619,"Community","Metabolites"
"UASB","dG","Div_a",0.761716443198209,1.65392775115514e-05,1,0.00266671180725098,TRUE,0.76918397504619,0.0446754704697842,0.045027110614037,"Community","Metabolites"
"UASB","Ac","Div_a",0.648122240224136,0.00271482389328903,1,0.00266671180725098,TRUE,0.654476144637617,0.0437919345210454,0.0441445242838976,"Community","Metabolites"
"UASB","Pr","Div_a",0.720461316488586,0.000139630065425944,0.809523820877075,0.0162609815597534,TRUE,0.727524401281042,0.0691259590699201,0.0697769454311988,"Community","Metabolites"
"UASB","Bu","Div_a",0.660893818481956,7.99385034411237e-06,1,0.00266671180725098,TRUE,0.667372929812317,0.112678730436431,0.113619878245198,"Community","Metabolites"
"UASB","H2","Div_a",0.613542099467682,2.15622288122219e-05,1,0.00266671180725098,TRUE,0.619556995442114,0.109441089296956,0.110358338714331,"Community","Metabolites"
"UASB","CH4","Div_a",0.410545261650287,0.0105857908568684,1.00000011920929,0.000836610794067383,TRUE,0.414570066213438,0.0647158315580652,0.0652306651744057,"Community","Metabolites"
"UASB","pH","Div_a",0.692810926706388,0.00946591512593475,0.523809552192688,0.133128523826599,FALSE,0.699602939280104,0.0634462589190873,0.0640515177975398,"Community","Metabolites"
"UASB","PC1","Div_a",0.957616651734777,1.4210854715202e-14,1,0.00266671180725098,TRUE,0.967004702772458,0.00922568674611576,0.0095199565758334,"Community","Community"
"UASB","PC2","Div_a",0.734253690700709,2.39544238889167e-08,1,0.00266671180725098,TRUE,0.741451989843082,0.0927422956272078,0.0935853878183317,"Community","Community"
"UASB","Div_a","Div_a",0.974621286274898,0,1.00000011920929,0.000836610794067383,TRUE,0.984176043245116,0.0059470758966953,0.00619940643802972,"Community","Community"
"UASB","Biomass","Div_a",0.726985698383407,0.00108667590857836,1,0.00266671180725098,TRUE,0.734112745336615,0.066737162498244,0.0673430661262296,"Community","Community"
"UASB","Instability","Div_a",0.800236117498489,0.00102772451532074,1,0.00266671180725098,TRUE,0.808081279233785,0.0148927315239603,0.0150062772332262,"Community","Interaction"
"UASB","P_P_IS","Div_a",0.851970692308442,7.77424741652544e-05,1,0.00266671180725098,TRUE,0.860323036983643,0.0115366813424095,0.0117069328371496,"Community","Interaction"
"UASB","P_N_IS","Div_a",0.473119380589976,0.0342087598821719,0.714285731315613,0.0354981422424316,TRUE,0.477757634199966,0.0394077844244098,0.0397220726449069,"Community","Interaction"
"UASB","Complexity","Div_a",0.727540779761381,0.00256089108068591,0.904761910438538,0.00686383247375488,TRUE,0.73467326848745,0.0181848752597332,0.0183521235366818,"Community","Interaction"
"UASB","Ave_P_IS","Div_a",0.589510375246964,0.00130768284098992,1,0.00266671180725098,TRUE,0.59528967480283,0.0688445294900953,0.0694210479737919,"Community","Interaction"
"UASB","Ave_N_IS","Div_a",0.775351313284383,6.47393679275021e-05,1,0.00266671180725098,TRUE,0.782952515381339,0.0208501176620464,0.0211303745777757,"Community","Interaction"
"UASB","Centrality","Div_a",0.711800092651516,0.0035399754522385,0.904761910438538,0.00686383247375488,TRUE,0.718778266627849,0.0178370213759154,0.017986254382275,"Community","Interaction"
"UASB","COD","Biomass",0.71475218802241,0.000732290322382312,1,0.00266671180725098,TRUE,0.721759303038939,0.0244614634607993,0.0246401157548708,"Community","Metabolites"
"UASB","dG","Biomass",0.717306330877218,0.00215823618401723,0.928571462631226,0.00198173522949219,TRUE,0.7243384855831,0.0220648461541851,0.0222178450406755,"Community","Metabolites"
"UASB","Ac","Biomass",0.76972583657392,1.74153884646699e-08,1,0.00266671180725098,TRUE,0.777271888979846,0.0260486806546597,0.0262157425033635,"Community","Metabolites"
"UASB","Pr","Biomass",0.783276610511584,0.00157242600833574,1,0.00266671180725098,TRUE,0.79095550872496,0.0171312262109939,0.0173503471856676,"Community","Metabolites"
"UASB","Bu","Biomass",0.817461138544415,5.70905211993988e-10,1,0.00266671180725098,TRUE,0.825475166784289,0.0675536618667306,0.0681179593297065,"Community","Metabolites"
"UASB","H2","Biomass",0.719660708582459,2.89296902089564e-06,1,0.00266671180725098,TRUE,0.726715944568328,0.0768822485741921,0.0774839509553311,"Community","Metabolites"
"UASB","CH4","Biomass",0.47632058205844,0.0177048102690646,0.857142925262451,0.00443398952484131,TRUE,0.48099021883487,0.0545100862760809,0.0549795984486319,"Community","Metabolites"
"UASB","pH","Biomass",0.744587709662297,0.000146199981643891,1,0.00266671180725098,TRUE,0.751887318965955,0.0522246056709606,0.0526141102076574,"Community","Metabolites"
"UASB","PC1","Biomass",0.860022298430186,0.000232101944467766,0.714285731315613,0.0354981422424316,TRUE,0.868453577498465,0.0153468343808171,0.0155704889733115,"Community","Community"
"UASB","PC2","Biomass",0.840524114117533,3.24879524449262e-06,1,0.00266671180725098,TRUE,0.848764241591761,0.0362528824322609,0.0366232779154558,"Community","Community"
"UASB","Div_a","Biomass",0.671805217092149,1.12159723609784e-05,1,0.00266671180725098,TRUE,0.678391298959059,0.0500230516780775,0.0504517384750136,"Community","Community"
"UASB","Biomass","Biomass",0.98203313673827,0,1.00000011920929,0.000836610794067383,TRUE,0.991660556219428,0.00750500477440505,0.0076899066711248,"Community","Community"
"UASB","Instability","Biomass",0.747060916036321,0.00860341973032175,1.00000011920929,0.000836610794067383,TRUE,0.754384771563792,0.0226464665625221,0.0228363577992646,"Community","Interaction"
"UASB","P_P_IS","Biomass",0.638030583937841,0.00665588860599542,0.904761910438538,0.00686383247375488,TRUE,0.644285554206747,0.0331682722964211,0.0334019839888729,"Community","Interaction"
"UASB","P_N_IS","Biomass",0.405752939976513,0.00196515952816467,1,0.00266671180725098,TRUE,0.409730762732924,0.0771611533146898,0.0777820007678066,"Community","Interaction"
"UASB","Complexity","Biomass",0.486483782952622,0.00640660631714773,1,0.00266671180725098,TRUE,0.491253055265389,0.0548425918994262,0.0552717586731702,"Community","Interaction"
"UASB","Ave_P_IS","Biomass",0.676188583296561,0.000664493701910018,1,0.00266671180725098,TRUE,0.68281763775127,0.0342899834811673,0.0345742317051431,"Community","Interaction"
"UASB","Ave_N_IS","Biomass",0.712601220995114,0.00363359934480245,0.904761910438538,0.00686383247375488,TRUE,0.719587248880174,0.0259926952601501,0.0261937112808242,"Community","Interaction"
"UASB","Centrality","Biomass",0.457440085309981,0.00815190934144738,1,0.00266671180725098,TRUE,0.461924626028642,0.0556714234258195,0.0561064057919331,"Community","Interaction"
"UASB","COD","Instability",0.587630190075133,0.0126878404614588,1.00000011920929,0.000836610794067383,TRUE,0.59339105712534,0.040857920477407,0.0412057752874452,"Interaction","Metabolites"
"UASB","dG","Instability",0.576866129351984,0.0223330631785892,0.928571462631226,0.00198173522949219,TRUE,0.582521470301262,0.0375496074581742,0.0378874600666177,"Interaction","Metabolites"
"UASB","Ac","Instability",0.617072703629381,0.000112796468042631,1,0.00266671180725098,TRUE,0.623122212088886,0.0393248077079749,0.0396731631422262,"Interaction","Metabolites"
"UASB","Pr","Instability",0.758225331611534,0.00544582340640898,1,0.00266671180725098,TRUE,0.765658638142218,0.0139121108568857,0.0140302443071619,"Interaction","Metabolites"
"UASB","Bu","Instability",0.669333209999186,9.17965544544597e-06,1,0.00266671180725098,TRUE,0.675895057399504,0.0309125655177594,0.0311568685805999,"Interaction","Metabolites"
"UASB","H2","Instability",0.621281329313309,0.000138352621063431,1,0.00266671180725098,TRUE,0.627372097281667,0.0354486129373848,0.0357665273230235,"Interaction","Metabolites"
"UASB","CH4","Instability",0.441238402955127,0.0246150467954114,0.928571462631226,0.00198173522949219,TRUE,0.445564109530116,0.0635787393214966,0.0641032026319668,"Interaction","Metabolites"
"UASB","pH","Instability",0.623807748846204,0.0351880586275362,1,0.00266671180725098,TRUE,0.629923284716701,0.0477520955080176,0.0481082770019208,"Interaction","Metabolites"
"UASB","PC1","Instability",0.934711987320583,1.02133289925366e-06,1,0.00266671180725098,TRUE,0.943875491136647,0.00771926881702731,0.00798354770734709,"Interaction","Community"
"UASB","PC2","Instability",0.709738468365215,4.28004250263569e-07,1,0.00266671180725098,TRUE,0.716696431086883,0.0496488638431541,0.050072796983023,"Interaction","Community"
"UASB","Div_a","Instability",0.607891576732278,9.90504444431384e-06,1,0.00266671180725098,TRUE,0.613851077475504,0.0396396184737392,0.0399961886354864,"Interaction","Community"
"UASB","Biomass","Instability",0.704477889649676,0.00703119338194647,0.928571462631226,0.00198173522949219,TRUE,0.711384279979218,0.0304099505163058,0.0307327278958872,"Interaction","Community"
"UASB","Instability","Instability",0.98025620207226,3.33066907387547e-16,0.928571462631226,0.00198173522949219,TRUE,0.989866201270151,0.00281772012694771,0.00324400116073622,"Interaction","Interaction"
"UASB","P_P_IS","Instability",0.845175504033552,3.27665478505601e-06,1,0.00266671180725098,TRUE,0.853461231681762,0.0160882028165179,0.0162727619367727,"Interaction","Interaction"
"UASB","P_N_IS","Instability",0.484293356386868,0.000784144834379386,1,0.00266671180725098,TRUE,0.489041154724265,0.0482660425246194,0.0486775957366994,"Interaction","Interaction"
"UASB","Complexity","Instability",0.697462932806006,3.70787332369948e-05,0.904761910438538,0.00686383247375488,TRUE,0.704300551594497,0.0234739957835978,0.023773880986601,"Interaction","Interaction"
"UASB","Ave_P_IS","Instability",0.658750913744466,0.000756609802860519,1,0.00266671180725098,TRUE,0.665209016982488,0.0275572234160409,0.0277606064317958,"Interaction","Interaction"
"UASB","Ave_N_IS","Instability",0.749847078759031,0.000216107966364398,1,0.00266671180725098,TRUE,0.757198248596245,0.0243754440598616,0.0245648021705288,"Interaction","Interaction"
"UASB","Centrality","Instability",0.689003676947684,2.23960580497673e-05,1,0.00266671180725098,TRUE,0.695758364924984,0.0287828579224952,0.0290392525923738,"Interaction","Interaction"
"UASB","COD","P_P_IS",0.501908641151991,0.0145144076546505,1,0.00266671180725098,TRUE,0.506829131967237,0.0359349945091256,0.0362398564264147,"Interaction","Metabolites"
"UASB","dG","P_P_IS",0.544328684578819,0.0189543817552905,1,0.00266671180725098,TRUE,0.549665042778985,0.0326434875696135,0.0329168618618701,"Interaction","Metabolites"
"UASB","Ac","P_P_IS",0.61277972651211,0.00201477539626527,0.904761910438538,0.00686383247375488,TRUE,0.618787148518536,0.0355999458313417,0.0359533855000107,"Interaction","Metabolites"
"UASB","Pr","P_P_IS",0.788794466469103,0.000610218980878208,0.904761910438538,0.00686383247375488,TRUE,0.796527459307143,0.0218264167409737,0.0219886138856344,"Interaction","Metabolites"
"UASB","Bu","P_P_IS",0.612538385970495,0.002180200047321,1,0.00266671180725098,TRUE,0.61854344198076,0.0269891722312615,0.0271986499100419,"Interaction","Metabolites"
"UASB","H2","P_P_IS",0.553285446770925,0.00329639171293938,0.904761910438538,0.00686383247375488,TRUE,0.558709613114818,0.0385762239368613,0.0388391505786622,"Interaction","Metabolites"
"UASB","CH4","P_P_IS",0.350238228085228,0.0298006266526567,0.928571462631226,0.00198173522949219,TRUE,0.353671809106041,0.0494491943273777,0.0498614822292484,"Interaction","Metabolites"
"UASB","pH","P_P_IS",0.57282172794534,0.0098875201611629,0.714285731315613,0.0354981422424316,TRUE,0.578437419368105,0.0344975426003,0.0348125230377785,"Interaction","Metabolites"
"UASB","PC1","P_P_IS",0.947276002666008,6.51147327168644e-08,0.904761910438538,0.00686383247375488,TRUE,0.956562678543761,0.0149719561737599,0.0152439610015309,"Interaction","Community"
"UASB","PC2","P_P_IS",0.713118148769568,0.000834573329783983,0.904761910438538,0.00686383247375488,TRUE,0.720109244386397,0.0265904868425083,0.0268405058118831,"Interaction","Community"
"UASB","Div_a","P_P_IS",0.64531842719865,0.000180614763785614,1,0.00266671180725098,TRUE,0.651644844266609,0.0262510813055857,0.0265718219996085,"Interaction","Community"
"UASB","Biomass","P_P_IS",0.622963747894223,0.00595495670942736,0.904761910438538,0.00686383247375488,TRUE,0.629071009551862,0.0283799018345907,0.0286679235220647,"Interaction","Community"
"UASB","Instability","P_P_IS",0.821521310716657,0.00012646153054896,1,0.00266671180725098,TRUE,0.82957514309267,0.0186340373357832,0.018913342207023,"Interaction","Interaction"
"UASB","P_P_IS","P_P_IS",0.99333008503356,0,1.00000011920929,0.000836610794067383,TRUE,1.00306825481023,0.00411394579014674,0.00447414514901491,"Interaction","Interaction"
"UASB","P_N_IS","P_P_IS",0.578691135314859,1.24403238643822e-05,1,0.00266671180725098,TRUE,0.584364367817184,0.0646209318370785,0.0651611404978489,"Interaction","Interaction"
"UASB","Complexity","P_P_IS",0.849151150796811,1.13718258143436e-08,1,0.00266671180725098,TRUE,0.857475853931353,0.0215351379403397,0.0217212961613612,"Interaction","Interaction"
"UASB","Ave_P_IS","P_P_IS",0.548498957334216,0.00215048303862164,0.809523820877075,0.0162609815597534,TRUE,0.553876199048049,0.0354636177774743,0.0357319095585113,"Interaction","Interaction"
"UASB","Ave_N_IS","P_P_IS",0.768310873185706,0.00126294970448915,0.809523820877075,0.0162609815597534,TRUE,0.775843053915026,0.0317618942367185,0.0319764529663833,"Interaction","Interaction"
"UASB","Centrality","P_P_IS",0.834977271361383,1.01273429864435e-07,1,0.00266671180725098,TRUE,0.843163020037165,0.02179164225327,0.0219437635461871,"Interaction","Interaction"
"UASB","COD","P_N_IS",0.0765786003355975,0.2900292043025,0.975900053977966,0.00389790534973145,FALSE,0.0773293431375762,0.0576903039988712,0.0581610553135772,"Interaction","Metabolites"
"UASB","dG","P_N_IS",0.15771409215777,0.125718639328092,0.975900053977966,0.00389790534973145,FALSE,0.159260251514812,0.0543190347942395,0.0547738588790953,"Interaction","Metabolites"
"UASB","Ac","P_N_IS",0.292928084950857,0.0258055530798618,0.928571462631226,0.00198173522949219,TRUE,0.295799822620526,0.0588244997135474,0.0593188735863566,"Interaction","Metabolites"
"UASB","Pr","P_N_IS",0.346513322661133,0.0119361008064846,0.714285731315613,0.0354981422424316,TRUE,0.349910386353046,0.0674546719470174,0.0680227774963887,"Interaction","Metabolites"
"UASB","Bu","P_N_IS",0.283740541153958,0.0363266960509503,0.714285731315613,0.0354981422424316,TRUE,0.286522208198894,0.0903661222479899,0.0911050047273154,"Interaction","Metabolites"
"UASB","H2","P_N_IS",0.325131646304869,0.00906975785988351,0.904761910438538,0.00686383247375488,TRUE,0.328319093477959,0.106725184291379,0.107632277490742,"Interaction","Metabolites"
"UASB","CH4","P_N_IS",0.170422557294768,0.107294759807577,0.975900053977966,0.00389790534973145,FALSE,0.172093304835506,0.06392182666395,0.0644493442538258,"Interaction","Metabolites"
"UASB","pH","P_N_IS",0.43335024548473,0.0005968177122323,1,0.00266671180725098,TRUE,0.437598620045085,0.0788729200115553,0.0795284407117827,"Interaction","Metabolites"
"UASB","PC1","P_N_IS",0.191816559778509,0.0806731538975399,0.925820052623749,0.00768029689788818,FALSE,0.193697044677985,0.05827161000266,0.0587536739118255,"Interaction","Community"
"UASB","PC2","P_N_IS",0.535763169647877,4.96625884667257e-05,1,0.00266671180725098,TRUE,0.541015555319797,0.0500325399061712,0.0504875717348729,"Interaction","Community"
"UASB","Div_a","P_N_IS",0.219637416763124,0.0536924054521041,1,0.00266671180725098,FALSE,0.22179064506656,0.0538236429607718,0.0542711031719944,"Interaction","Community"
"UASB","Biomass","P_N_IS",0.196354743463684,0.0780873065340548,0.904761910438538,0.00686383247375488,FALSE,0.198279718713214,0.066318456806969,0.0668856988546402,"Interaction","Community"
"UASB","Instability","P_N_IS",0,0.5,1,1,FALSE,0,0.0147981768937551,0.0149185151141764,"Interaction","Interaction"
"UASB","P_P_IS","P_N_IS",0.448737432291923,0.000782324325497963,0.904761910438538,0.00686383247375488,TRUE,0.453136656041054,0.0524585211063389,0.0529045490324298,"Interaction","Interaction"
"UASB","P_N_IS","P_N_IS",0.986987618277753,0,1.00000011920929,0.000836610794067383,TRUE,0.996663609309411,0.00589903271593394,0.00603548469286144,"Interaction","Interaction"
"UASB","Complexity","P_N_IS",0.738388124649296,3.29384983066561e-07,1,0.00266671180725098,TRUE,0.74562695595749,0.0288736330031351,0.0291468654431065,"Interaction","Interaction"
"UASB","Ave_P_IS","P_N_IS",0.47617215597444,0.00447835493929938,1,0.00266671180725098,TRUE,0.480840337647046,0.041011376293708,0.0413312806308413,"Interaction","Interaction"
"UASB","Ave_N_IS","P_N_IS",0.214766363922363,0.0578368540820247,1,0.00266671180725098,FALSE,0.216871838573444,0.054476561064194,0.0549114463842963,"Interaction","Interaction"
"UASB","Centrality","P_N_IS",0.753712706393458,2.02520881287249e-07,1,0.00266671180725098,TRUE,0.761101773138019,0.026915771945282,0.0271715486643466,"Interaction","Interaction"
"UASB","COD","Complexity",0.383382570241081,0.0044581236000335,0.904761910438538,0.00686383247375488,TRUE,0.38714108376511,0.073204205630279,0.0737843950548147,"Interaction","Metabolites"
"UASB","dG","Complexity",0.396555718076215,0.00540788969392747,1,0.00266671180725098,TRUE,0.400443375328039,0.0627047540898821,0.063196684040275,"Interaction","Metabolites"
"UASB","Ac","Complexity",0.496833060701595,0.000588989262504613,1,0.00266671180725098,TRUE,0.501703792766064,0.0997343756992119,0.100532329425183,"Interaction","Metabolites"
"UASB","Pr","Complexity",0.66775793453858,1.49069003074764e-06,1,0.00266671180725098,TRUE,0.674304338633484,0.0379149719679778,0.0383031215169054,"Interaction","Metabolites"
"UASB","Bu","Complexity",0.505994557066455,0.000601954327894005,1,0.00266671180725098,TRUE,0.510955104398129,0.0673800550587222,0.0679161945682713,"Interaction","Metabolites"
"UASB","H2","Complexity",0.534347504975016,0.000310814698451289,1,0.00266671180725098,TRUE,0.539586012095246,0.0506195463820864,0.0509919837582885,"Interaction","Metabolites"
"UASB","CH4","Complexity",0.215353963993284,0.0618311056592705,1.00000011920929,0.000836610794067383,FALSE,0.21746519921614,0.0656921329852762,0.0662309456446715,"Interaction","Metabolites"
"UASB","pH","Complexity",0.659384345597163,7.07914151687472e-06,1,0.00266671180725098,TRUE,0.665848658721523,0.0403054051597979,0.0405906948543436,"Interaction","Metabolites"
"UASB","PC1","Complexity",0.841305259804739,8.17218403392772e-07,1,0.00266671180725098,TRUE,0.849553045286549,0.0193169903417242,0.0195292576928447,"Interaction","Community"
"UASB","PC2","Complexity",0.441635348168998,0.000505451567434867,1,0.00266671180725098,TRUE,0.445964946219683,0.0806679457218103,0.0813279479227462,"Interaction","Community"
"UASB","Div_a","Complexity",0.511463968802053,0.00101572928677951,1,0.00266671180725098,TRUE,0.516478135832619,0.0434952475336241,0.0438395948778463,"Interaction","Community"
"UASB","Biomass","Complexity",0.614387728878833,0.00019562154691144,0.904761910438538,0.00686383247375488,TRUE,0.620410915030819,0.0507915368261516,0.0511997773286055,"Interaction","Community"
"UASB","Instability","Complexity",0.713692024367268,0.000117360966005897,0.809523820877075,0.0162609815597534,TRUE,0.720688746007194,0.0221950468071515,0.0224212842199749,"Interaction","Interaction"
"UASB","P_P_IS","Complexity",0.903921817470454,5.50267464927146e-09,1,0.00266671180725098,TRUE,0.912783468049643,0.0124189326031832,0.0126356115821564,"Interaction","Interaction"
"UASB","P_N_IS","Complexity",0.722423760546308,1.46124346556142e-06,1,0.00266671180725098,TRUE,0.729506084274239,0.0377478357727347,0.0380990974674607,"Interaction","Interaction"
"UASB","Complexity","Complexity",0.989018084569693,0,1.00000011920929,0.000836610794067383,TRUE,0.99871398139679,0.00501055389927743,0.00522183733059178,"Interaction","Interaction"
"UASB","Ave_P_IS","Complexity",0.465093150964077,0.000140134044628426,0.723746836185455,0.0572793483734131,FALSE,0.469652718960955,0.0763186644638102,0.0769611910757172,"Interaction","Interaction"
"UASB","Ave_N_IS","Complexity",0.621100390542637,0.000726041090012064,0.904761910438538,0.00686383247375488,TRUE,0.627189384667139,0.0324678197484075,0.0327849978867613,"Interaction","Interaction"
"UASB","Centrality","Complexity",0.985653181196942,0,1.00000011920929,0.000836610794067383,TRUE,0.995316089996374,0.00586588764399,0.00611840116792262,"Interaction","Interaction"
"UASB","COD","Ave_P_IS",0.519895526371488,0.00168668720051002,1.00000011920929,0.000836610794067383,TRUE,0.524992352671444,0.0551219910891136,0.0555355769537185,"Interaction","Metabolites"
"UASB","dG","Ave_P_IS",0.564427249775514,0.00178036098654866,1.00000011920929,0.000836610794067383,TRUE,0.569960645438958,0.0511617697297463,0.0515480509586949,"Interaction","Metabolites"
"UASB","Ac","Ave_P_IS",0.311659253301059,0.0530214843869228,0.785714328289032,0.00937473773956299,FALSE,0.314714623078783,0.0538996683776727,0.0543268020801466,"Interaction","Metabolites"
"UASB","Pr","Ave_P_IS",0.758720141807841,0.000854690492744448,1,0.00266671180725098,TRUE,0.76615829923932,0.0175117589790412,0.0177205327444051,"Interaction","Metabolites"
"UASB","Bu","Ave_P_IS",0.550042832682326,9.51612694910509e-06,1.00000011920929,0.000836610794067383,TRUE,0.555435209868728,0.130192537675547,0.131253814218067,"Interaction","Metabolites"
"UASB","H2","Ave_P_IS",0.466381341600241,0.00101494093186649,1,0.00266671180725098,TRUE,0.47095353844961,0.0828581723785023,0.0836515730703124,"Interaction","Metabolites"
"UASB","CH4","Ave_P_IS",0.31129705135346,0.0258595287793153,1.00000011920929,0.000836610794067383,TRUE,0.314348870263137,0.0669917612052184,0.067554151885884,"Interaction","Metabolites"
"UASB","pH","Ave_P_IS",0.678999013999456,1.25518856696205e-05,1.00000011920929,0.000836610794067383,TRUE,0.685655620676475,0.0751712805338102,0.0757125155382626,"Interaction","Metabolites"
"UASB","PC1","Ave_P_IS",0.737209358399418,0.0404453470813227,0.142857149243355,0.763890624046326,FALSE,0.744436633603512,0.0187588671527914,0.0189578843399064,"Interaction","Community"
"UASB","PC2","Ave_P_IS",0.701803536757699,0.000194002132370308,0.809523820877075,0.0162609815597534,TRUE,0.708683708911734,0.0342112238545411,0.0345259444285068,"Interaction","Community"
"UASB","Div_a","Ave_P_IS",0.375422948809371,0.0199272422559158,0.809523820877075,0.0162609815597534,TRUE,0.379103429717628,0.0964427328404142,0.0972408956165041,"Interaction","Community"
"UASB","Biomass","Ave_P_IS",0.6152081981194,0.00964331541566188,1,0.00266671180725098,TRUE,0.62123942778973,0.0307765913259325,0.0310191494779575,"Interaction","Community"
"UASB","Instability","Ave_P_IS",0.659847222515056,0.0085131164039487,1,0.00266671180725098,TRUE,0.666316073480441,0.0341335071129702,0.0344001120684781,"Interaction","Interaction"
"UASB","P_P_IS","Ave_P_IS",0.514985328946783,0.0510737314263966,0.809523820877075,0.0162609815597534,FALSE,0.520034017838159,0.0278278373061907,0.0281090192677066,"Interaction","Interaction"
"UASB","P_N_IS","Ave_P_IS",0.313001618080754,0.115084781003848,0.928571462631226,0.00198173522949219,FALSE,0.316070147810365,0.0701164368484569,0.0706380126278266,"Interaction","Interaction"
"UASB","Complexity","Ave_P_IS",0.351094856487683,0.0138395296637958,1,0.00266671180725098,TRUE,0.354536835515307,0.042443308481133,0.0427958332052112,"Interaction","Interaction"
"UASB","Ave_P_IS","Ave_P_IS",0.972386407853442,1.66533453693773e-15,0.928571462631226,0.00198173522949219,TRUE,0.981919255061913,0.00631851165419557,0.00643820718400504,"Interaction","Interaction"
"UASB","Ave_N_IS","Ave_P_IS",0.664982093667479,0.0150218632959755,1.00000011920929,0.000836610794067383,TRUE,0.671501284643519,0.0299832034394794,0.0302675209987232,"Interaction","Interaction"
"UASB","Centrality","Ave_P_IS",0.381389580226708,0.00883939248989507,1,0.00266671180725098,TRUE,0.385128555356184,0.0408257651452892,0.041163070908885,"Interaction","Interaction"
"UASB","COD","Ave_N_IS",0.417589386629781,0.0190665543145701,1,0.00266671180725098,TRUE,0.421683248685514,0.0387175563848674,0.0391215994533224,"Interaction","Metabolites"
"UASB","dG","Ave_N_IS",0.475803278414072,0.0393473041218929,1,0.00266671180725098,TRUE,0.480467843773869,0.0320943342679649,0.0324503396773194,"Interaction","Metabolites"
"UASB","Ac","Ave_N_IS",0.657154334402973,7.18772397878542e-06,1,0.00266671180725098,TRUE,0.663596785481734,0.0383450896224443,0.0387353205824374,"Interaction","Metabolites"
"UASB","Pr","Ave_N_IS",0.767031315416056,8.89910159207474e-06,1,0.00266671180725098,TRUE,0.774550951925698,0.0225315658345746,0.0227057689156566,"Interaction","Metabolites"
"UASB","Bu","Ave_N_IS",0.626909951143396,0.000107297838001341,1,0.00266671180725098,TRUE,0.633055899636149,0.028760015958189,0.0290466218173466,"Interaction","Metabolites"
"UASB","H2","Ave_N_IS",0.520079505810518,3.36093567504525e-05,1.00000011920929,0.000836610794067383,TRUE,0.525178135763701,0.0913259396956864,0.0920982146006144,"Interaction","Metabolites"
"UASB","CH4","Ave_N_IS",0.340355374119004,0.0214034178506686,1,0.00266671180725098,TRUE,0.343692068001039,0.056398029370593,0.0568548992961281,"Interaction","Metabolites"
"UASB","pH","Ave_N_IS",0.542768675484496,0.0105165803527699,1,0.00266671180725098,TRUE,0.548089740043965,0.0377703918283088,0.0380575183607314,"Interaction","Metabolites"
"UASB","PC1","Ave_N_IS",0.932225580155024,2.26626103438932e-08,1,0.00266671180725098,TRUE,0.94136470833254,0.013518264180015,0.0137131300620387,"Interaction","Community"
"UASB","PC2","Ave_N_IS",0.740721988323228,5.92211432781653e-07,1,0.00266671180725098,TRUE,0.747983699800899,0.0316441998755281,0.0320594730191696,"Interaction","Community"
"UASB","Div_a","Ave_N_IS",0.622281385840327,5.45054493794606e-05,1,0.00266671180725098,TRUE,0.62838195792153,0.0324394478813383,0.0327319906289466,"Interaction","Community"
"UASB","Biomass","Ave_N_IS",0.645380409776814,0.00572832990941352,0.809523820877075,0.0162609815597534,TRUE,0.651707434494616,0.0308014345390428,0.0311099914892262,"Interaction","Community"
"UASB","Instability","Ave_N_IS",0.759838628605777,0.0029488512910617,1,0.00266671180725098,TRUE,0.767287751188212,0.0233159855340204,0.0236375738990329,"Interaction","Interaction"
"UASB","P_P_IS","Ave_N_IS",0.810111457588366,5.16872488187659e-06,1,0.00266671180725098,TRUE,0.818053432799712,0.0180372140494199,0.0181310149267257,"Interaction","Interaction"
"UASB","P_N_IS","Ave_N_IS",0.327946022026764,0.012625479136999,1,0.00266671180725098,TRUE,0.331161060097389,0.0610091815529603,0.0614975462541196,"Interaction","Interaction"
"UASB","Complexity","Ave_N_IS",0.629958268873724,0.000894244633541375,1,0.00266671180725098,TRUE,0.63613410172822,0.0188807297692816,0.018981126804449,"Interaction","Interaction"
"UASB","Ave_P_IS","Ave_N_IS",0.674412613482746,0.0014081652630209,1,0.00266671180725098,TRUE,0.681024257113172,0.0346666511072238,0.0349415207810059,"Interaction","Interaction"
"UASB","Ave_N_IS","Ave_N_IS",0.993500940114784,0,1.00000011920929,0.000836610794067383,TRUE,1.00324078487927,0.00339206391315078,0.0035720172453049,"Interaction","Interaction"
"UASB","Centrality","Ave_N_IS",0.611319112615384,0.00159484703841573,1,0.00266671180725098,TRUE,0.617312215407766,0.0192890000469138,0.0194038825378267,"Interaction","Interaction"
"UASB","COD","Centrality",0.459592625712013,0.00121536340423911,0.904761910438538,0.00686383247375488,TRUE,0.464098268986814,0.0816533962105533,0.0823065637825001,"Interaction","Metabolites"
"UASB","dG","Centrality",0.449635397897099,0.00630736501181695,0.714285731315613,0.0354981422424316,TRUE,0.454043424904732,0.0637856478751689,0.0642787481782162,"Interaction","Metabolites"
"UASB","Ac","Centrality",0.378536962011562,0.00223864941346341,1,0.00266671180725098,TRUE,0.382247971330976,0.0590783403633666,0.0595508956276641,"Interaction","Metabolites"
"UASB","Pr","Centrality",0.614526534051924,0.000587300193995555,0.904761910438538,0.00686383247375488,TRUE,0.620551080988569,0.0293783441527048,0.0296218206398485,"Interaction","Metabolites"
"UASB","Bu","Centrality",0.430370914059497,0.00219318602570129,0.904761910438538,0.00686383247375488,TRUE,0.434590080569399,0.0745556812761277,0.0751413862635345,"Interaction","Metabolites"
"UASB","H2","Centrality",0.463070968440075,0.00202598278452515,0.904761910438538,0.00686383247375488,TRUE,0.467610711851918,0.0604279178415831,0.0609288335584289,"Interaction","Metabolites"
"UASB","CH4","Centrality",0.216495929051551,0.0563384576481748,0.975900053977966,0.00389790534973145,FALSE,0.218618359595866,0.0604752593911936,0.0610051485125787,"Interaction","Metabolites"
"UASB","pH","Centrality",0.632684269707941,1.28346025788373e-05,1,0.00266671180725098,TRUE,0.638886827071576,0.0415886439380446,0.0419446905546855,"Interaction","Metabolites"
"UASB","PC1","Centrality",0.77418699476574,3.01572201465428e-05,0.904761910438538,0.00686383247375488,TRUE,0.781776782397778,0.0233745077003384,0.0235666051440885,"Interaction","Community"
"UASB","PC2","Centrality",0.388221367195064,0.00196835382380123,1,0.00266671180725098,TRUE,0.392027318148969,0.0771393620964946,0.0777824483837063,"Interaction","Community"
"UASB","Div_a","Centrality",0.440450617685327,0.00316398012927577,1,0.00266671180725098,TRUE,0.444768601161197,0.0462988379305818,0.0466594060943043,"Interaction","Community"
"UASB","Biomass","Centrality",0.604591910556502,0.000170482372423897,1,0.00266671180725098,TRUE,0.610519062828751,0.0431423156238903,0.0434865973991237,"Interaction","Community"
"UASB","Instability","Centrality",0.68829045746997,0.000198455021039434,0.904761910438538,0.00686383247375488,TRUE,0.695038153358269,0.0248830608144523,0.0251178421293246,"Interaction","Interaction"
"UASB","P_P_IS","Centrality",0.871185620814056,1.63210536197056e-08,1,0.00266671180725098,TRUE,0.879726340168383,0.0194919286860404,0.0196760725154353,"Interaction","Interaction"
"UASB","P_N_IS","Centrality",0.763187913340966,2.94003861256442e-08,1,0.00266671180725098,TRUE,0.770669870832836,0.0419136300277668,0.0422943623555561,"Interaction","Interaction"
"UASB","Complexity","Centrality",0.983986336835886,0,1.00000011920929,0.000836610794067383,TRUE,0.993632904628814,0.00529868067819614,0.00553996495808417,"Interaction","Interaction"
"UASB","Ave_P_IS","Centrality",0.441343291818287,0.000316197809060115,0.723746836185455,0.0572793483734131,FALSE,0.445670026677401,0.0738855783393946,0.0744833904689367,"Interaction","Interaction"
"UASB","Ave_N_IS","Centrality",0.620415528300857,8.08557572505864e-05,0.904761910438538,0.00686383247375488,TRUE,0.626497808338184,0.0341577458152146,0.0344220936618942,"Interaction","Interaction"
"UASB","Centrality","Centrality",0.98966696430965,0,1.00000011920929,0.000836610794067383,TRUE,0.999369222467353,0.00619270623541641,0.00639274381452126,"Interaction","Interaction"
