,UASB_004,UASB_005,UASB_006,UASB_007,UASB_008,UASB_009,UASB_010,UASB_011,UASB_012,UASB_013,UASB_014,UASB_015,UASB_016,UASB_017,UASB_018,UASB_019,UASB_020,UASB_021,UASB_022,UASB_023,UASB_024,UASB_025,UASB_026,UASB_027,UASB_028,UASB_029,UASB_030,UASB_031,UASB_032,UASB_033,UASB_034,UASB_035,UASB_036,UASB_037,UASB_038,UASB_039,UASB_040,UASB_041,UASB_042,UASB_043,UASB_044,UASB_045,UASB_046,UASB_047,UASB_048,UASB_049,UASB_050,UASB_051,UASB_052,UASB_053,UASB_054,UASB_055,UASB_056,UASB_057,UASB_058,UASB_059,UASB_060,UASB_061,UASB_062,UASB_063,UASB_064,UASB_065,UASB_066,UASB_067,UASB_068,UASB_069,UASB_070,UASB_071,UASB_072,UASB_073,UASB_074,UASB_075,UASB_076,UASB_077,UASB_078,UASB_079,UASB_080,UASB_081,UASB_082,UASB_083,UASB_084,UASB_085,UASB_086,UASB_087,UASB_088,UASB_089,UASB_090,UASB_091,UASB_092,UASB_093,UASB_094,UASB_095,UASB_096,UASB_097,UASB_098,UASB_099,UASB_100,UASB_101,UASB_102,UASB_103,UASB_104,UASB_105,UASB_106,UASB_107,UASB_108,UASB_109,UASB_110,UASB_111
d__Bacteria;p__Firmicutes;c__Clostridia,21.69645495,25.14918502,26.39731199,24.60219088,22.31441774,22.01250272,25.50775726,31.0229408,31.80112092,29.4132181,35.56793865,37.20839077,39.91231008,39.77340157,38.89352261,44.14497732,40.63483147,41.14275817,33.58473516,53.39965611,52.52858583,59.01270132,68.84120114,67.16803104,72.89247867,66.14815374,65.25588115,51.20950344,54.41991963,59.61133081,59.10587749,63.05854141,66.54239888,50.78390375,50.75980161,55.04235197,53.94310058,45.43482268,46.54271627,48.92414718,45.39995781,46.24715643,42.40199985,41.12101113,36.87540842,38.97041083,35.18416122,36.27406491,33.43091933,34.40902026,32.9672805,33.1235166,36.74365906,29.87704236,32.23834008,33.39419309,32.93934424,33.35034433,36.29773817,38.14630355,38.23292392,35.95464365,36.9463161,35.81052464,34.85931077,33.81150083,32.62019623,31.54195934,30.32885346,24.15331642,23.66914038,21.4539185,20.43335483,19.96770953,18.73498998,18.73386377,18.02333758,15.42719107,14.5944837,14.12839091,13.9011741,13.3789713,14.91291292,13.24353119,13.88451048,13.48043153,10.95806358,11.81573768,10.78656504,11.25242879,12.38171071,11.73542815,12.35042841,12.24147905,11.35293502,11.04483232,10.55705657,11.04653252,11.3270239,12.04884998,13.96986002,14.08885272,13.58255479,14.09748922,14.3209987,15.47734006,17.14039901,16.23768686
d__Bacteria;p__Spirochaetota;c__Spirochaetia,0.528710412,0.552956839,0.362416053,0.3952966,0.294527523,0.32025945,0.436172289,0.364095072,0.483701542,0.463151667,0.362607214,0.427682616,0.42093521,0.473211226,0.645314581,0.67529208,0.67858539,0.671279678,0.7897721,0.61021727,0.706714562,0.541550952,0.471370207,0.500034504,0.268391288,0.369014132,0.313818382,0.565621344,0.522661522,0.398604703,0.481646795,0.439113998,0.330393143,0.801880247,0.818374064,0.613514475,0.489066812,0.774166202,0.675507551,0.530203974,0.583353054,0.427225419,0.319928789,0.379495148,0.553269467,0.504893574,0.636942731,0.486505045,0.646656464,0.608957867,0.863300289,0.83932889,0.70612171,0.852282302,0.958520067,1.226283047,1.278137805,1.33279562,1.396196591,1.39738208,1.353688538,1.38842045,1.622512018,1.605924404,1.746147123,1.803764272,1.776692218,1.780773991,1.776571227,2.068252918,1.841849485,1.608418012,1.812986764,1.879126812,1.818556786,1.996850983,2.237206462,2.143310788,2.124455086,2.18030725,2.275855934,2.242991689,2.494610704,2.27960125,2.319373224,2.366419582,2.462096607,2.446141597,2.41878691,2.469668894,2.373006496,2.532146183,2.467899271,2.352642014,2.587980905,2.375999575,2.589674662,2.624918646,2.587595723,2.559734262,2.662389703,3.10769789,3.064827264,3.197160642,3.13810171,3.026443818,3.378195482,3.295820141
d__Bacteria;p__Chloroflexi;c__Anaerolineae,17.08791925,14.21424244,12.59328698,11.09845569,10.12477909,9.314976222,9.708996257,9.922441064,8.796757877,8.991317563,7.234456775,5.916276734,7.223601217,7.919527452,10.01717637,10.2847578,12.1679163,12.34747696,14.33889525,9.271912489,9.572506419,8.017862144,5.638312789,5.323896609,3.133387065,4.056001763,3.494795527,7.605530009,6.716326554,5.623647828,7.744479211,6.66628126,4.798278919,9.138669397,8.595871943,6.104586096,5.862324376,9.015873764,7.128972145,5.082547015,7.316582134,5.295006538,5.100887578,5.629178223,6.673812706,5.806276351,8.77873213,7.638439276,9.663243877,8.774793097,10.15012645,10.01799026,7.799003153,10.64173832,10.44138813,11.42611217,13.01580985,12.68305512,12.02954865,12.10215673,12.52259434,12.56656587,12.75932253,12.83785525,12.86683999,13.29519537,13.39328254,13.76919893,13.93422853,15.14348953,15.7003923,15.0922184,15.30173287,15.09342634,15.4031113,15.24724855,15.86992158,16.58016448,16.64515156,16.75838653,16.89171331,16.87508974,16.66495773,16.55371386,16.54020866,16.64653767,16.84376692,16.63976918,16.68962987,16.85549004,16.53060474,16.60570546,17.17690692,17.00758331,17.27878343,17.32640475,17.71447639,17.41820998,17.72049956,17.71129235,18.39692829,18.34132826,19.2108,19.7508995,19.00374699,18.97367913,18.20044076,19.03668486
d__Bacteria;p__Desulfobacterota;c__Desulfuromonadia,2.670742719,2.619891622,2.504697677,2.562728197,2.505067295,2.494974022,2.999933325,2.769844634,2.622803868,2.686279667,2.6414317,2.533695701,2.069352723,2.264653565,2.732226338,2.916305515,2.76614192,3.007681457,4.233696409,2.217687818,2.32868231,1.908149451,1.087777386,1.006605332,1.138237651,0.845263225,1.018890791,1.783145277,1.315491059,1.245639686,1.539262864,1.187670847,1.057864436,1.075625529,0.927294425,0.808616753,0.741697386,0.963942379,0.914801639,0.741145358,0.786510777,0.676440338,0.70456233,0.801156489,0.905978747,0.98142241,0.958875747,0.765393328,1.181063103,1.090324564,1.269559231,1.46283038,1.149426782,0.916287702,1.439485749,1.155145094,1.364845557,1.085583545,0.978012084,1.024959053,1.012340547,1.227799229,1.040790676,1.28155945,0.986301725,1.086495622,1.09895224,1.097083995,0.98278406,1.386375815,1.206136542,1.320530014,1.328695835,1.344958757,1.281986122,1.281890174,1.390922371,1.338843182,1.146775324,1.201894392,1.04566357,1.132026299,1.351675265,1.201411426,1.132717128,1.083656946,1.166422167,1.190310001,1.037935204,0.981693399,0.9931357,0.960126218,1.030341156,0.881895169,0.868473402,0.820151511,0.873326488,0.703103173,0.748422607,0.692938166,0.873116201,0.743483328,0.679424414,0.657306274,0.608671167,0.584050547,0.619886072,0.633273252
d__Bacteria;p__Patescibacteria;c__Parcubacteria,0,0,0,0,0.00633,0,0.0133182,0,0.018026105,0,0.020636201,0.032400194,0,0.023660521,0.020721115,0.035856199,0.031080215,0,0.009710004,0.0310759,0.026067328,0.01999015,0,0.016340959,0,0,0,0.01597799,0.030299213,0.009969995,0,0,0.009090001,0.013825499,0.023550343,0.009400047,0.012955447,0.015061598,0,0,0,0,0,0,0.013831699,0.008510011,0,0,0.017081488,0,0,0.008990004,0.009500012,0,0.023877679,0.027100206,0.022479761,0.026870891,0.016862308,0,0.00779995,0.008169691,0.038547803,0.028620443,0.031816146,0.012105796,0.034837118,0.0476993,0.013745199,0.03231641,0.006869721,0.040679798,0.043462049,0.012718294,0.00963982,0.028346508,0.016758112,0.029042201,0.036893614,0.013626872,0.017574199,0.034224015,0.054751407,0.047608401,0.006349973,0,0.03782988,0.027300715,0.024494,0.021609596,0.021657189,0.029848463,0.013664966,0.013822762,0.0244149,0.024398075,0.033059703,0.024999206,0.00671,0.012927937,0.036892242,0.018664811,0.029669201,0.040360868,0.020097615,0.042476433,0,0.073473652
d__Bacteria;p__Planctomycetota;c__Pla4_lineage,0.093657297,0.053225796,0.021476497,0,0.015834801,0,0,0.010208224,0.021030506,0.006180229,0.017688201,0.038880192,0.04121043,0.064221486,0.062163346,0.095616597,0.095830762,0.10170903,0.093866336,0.090402518,0.066616572,0.018172855,0.039280892,0.032682018,0.016168099,0,0.018340011,0.025564784,0.015149606,0,0.034116693,0.055994363,0.018186802,0.00553,0,0.004700024,0,0,0,0.005700027,0.011609007,0.016182782,0,0.009039999,0,0.005670008,0.013846601,0.027888808,0.01464129,0.020298616,0.022217302,0.026978413,0.066495786,0.0437932,0.167144055,0.13550093,0.179838491,0.589367977,0.58680729,0.814874304,0.971378812,0.789493918,1.009251574,1.742666532,1.952016621,1.852187455,1.482160338,1.97475119,1.859042524,1.551189664,1.092739054,1.020125055,1.157952236,1.03336075,1.201661124,1.051968807,1.196109485,0.909019349,0.827031006,0.798537533,0.852347575,0.737133425,0.848646704,1.218214427,0.910615783,0.985736151,0.72822574,0.832671012,0.841982803,0.913777513,0.733249727,0.703926733,0.593061053,0.749196234,0.784765102,0.835165757,0.738332775,0.806224998,0.711504906,0.752406735,0.596424434,0.718596814,0.901943319,0.801452359,0.930233314,0.9132427,0.773940542,0.808210671
d__Bacteria;p__Dependentiae;c__Babeliae,0.483392317,0.343010639,0.335570457,0.2210981,0.215353417,0.167754945,0.199773595,0.18374894,0.168244049,0.169822294,0.197517808,0.142560872,0.167785323,0.169004038,0.239772879,0.206173194,0.354832853,0.351622641,0.427253762,0.206230872,0.1853677,0.13266177,0.09971288,0.140532607,0.103476196,0.07884915,0.065209038,0.166171195,0.186845179,0.172728715,0.234802849,0.176824401,0.127307416,0.165906289,0.176627471,0.129284648,0.136031847,0.135554383,0.18944117,0.156780732,0.177037507,0.152118129,0.172545838,0.14456958,0.16943879,0.204226673,0.173082208,0.210715563,0.278184312,0.153689361,0.203129521,0.221822603,0.161489708,0.279602501,0.214899513,0.304876943,0.282603315,0.483675833,0.370970084,0.264197542,0.216512099,0.245015326,0.360947626,0.327544948,0.331262679,0.332909484,0.34837098,0.403854098,0.230232591,0.397492319,0.477643772,0.413056806,0.717123255,0.543706725,0.481949686,0.384252112,0.456658219,0.435632314,0.365861335,0.572330606,0.556515584,0.723970319,0.988947221,1.389044531,1.450004864,1.517772524,1.387096634,2.042091453,1.904412008,2.923470501,3.053660306,3.129115848,3.375255335,3.143306634,3.208817306,2.826426055,2.416111344,2.35930188,2.24191172,1.952120538,1.998329441,1.791825832,1.827622038,1.966152927,2.052829577,2.083998596,2.519891775,1.731879965
d__Archaea;p__Nanoarchaeota;c__Nanoarchaeia,0,0,0,0,0,0,0,0,0,0.012350758,0.017688201,0.055080389,0.097138871,0.16224386,0.17464933,0.170316995,0.217561704,0.217947907,0.245994593,0.333359453,0.309911734,0.199901402,0.238706753,0.133996183,0.074373497,0.148236431,0.118191369,0.153388803,0.11867195,0.112938044,0.218747952,0.170930294,0.169743322,0.127194792,0.091257554,0.098726495,0.068015924,0.075307991,0.084750031,0.051310039,0.058045035,0.080913909,0.028757656,0.066261091,0.069158696,0.062402583,0.076156204,0.086765226,0.100048732,0.095693402,0.155521016,0.134892163,0.098160427,0.0606367,0.187610737,0.149050983,0.199106858,0.175556399,0.168622783,0.16552139,0.23796826,0.239570532,0.203252015,0.387965928,0.363078825,0.351068178,0.37054011,0.317995398,0.391739084,0.384565815,0.419226948,0.375506124,0.561901738,0.473756207,0.420902727,0.485039542,0.488079691,0.421111213,0.442722864,0.427885307,0.483289886,0.481769312,0.461964956,0.632911414,0.593328048,0.646277368,0.54853366,0.655216464,0.649092203,0.818077832,0.779657918,0.810883802,0.817167131,0.843191275,0.746398801,0.799506948,0.719047973,0.759351487,0.788696507,0.757577949,0.743993403,0.622161758,0.623053013,0.611179511,0.631639885,0.538919413,0.601546223,0.584290851
d__Bacteria;p__Verrucomicrobiota;c__Kiritimatiellae,0.102720916,0.065053728,0.120805384,0.1004991,0.098175808,0.149454397,0.083238998,0.18374894,0.216313763,0.169822294,0.147401306,0.123120776,0.156010915,0.16224386,0.139127404,0.227089393,0.176121417,0.206324069,0.197443075,0.118653336,0.153507665,0.110854424,0.042302492,0.071900359,0.084074396,0.141928551,0.12022907,0.172562491,0.131296656,0.14283333,0.212727354,0.103147617,0.096996213,0.124429692,0.076538564,0.06581763,0.110121052,0.117480485,0.124632346,0.102620179,0.092872156,0.087387002,0.104246517,0.14456958,0.16598079,0.20989958,0.152312407,0.195221758,0.156173595,0.139190421,0.09521691,0.071942433,0.028498137,0.0875863,0.078455432,0.165988624,0.144513052,0.249003494,0.239444319,0.276929987,0.265276183,0.302185663,0.297869422,0.559688486,0.512802041,0.568972602,0.497220493,0.610551097,0.542936678,0.56876957,0.422663209,0.453736604,0.32286062,0.31477763,0.353429789,0.289763885,0.24299247,0.267187788,0.224435883,0.19622769,0.213819194,0.179018079,0.112924814,0.249243905,0.196718354,0.270914286,0.277419287,0.264816677,0.269434501,0.404408317,0.45789439,0.606919153,0.491940066,0.599909846,0.599909301,0.660625523,0.644663665,0.712477875,0.771915707,0.853244721,0.879264958,0.895912916,0.990950921,1.063798249,1.154178286,1.319423311,1.272783751,1.151087879
d__Bacteria;p__Planctomycetota;c__Phycisphaerae,1.954717813,1.540590892,1.285905834,1.115540499,0.972257476,0.905876904,0.922288077,0.915341792,0.880276658,0.731779623,0.598449323,0.550803391,0.818321602,0.92276183,1.101178921,1.350584161,1.455591561,1.484951917,1.773750474,1.050929732,0.996351674,0.954074725,0.577126386,0.571934864,0.407437282,0.451017273,0.405518535,0.993831874,0.792829537,0.714166748,1.174014044,0.798657006,0.642599583,0.854417244,0.762442025,0.531242363,0.489066812,0.750067705,0.578294215,0.527353461,0.638495887,0.495193142,0.567963487,0.566230822,0.67083916,0.64388116,0.803101639,0.610455382,0.895558195,0.684352653,0.837909086,0.800360072,0.630000812,0.754589902,0.934642388,0.91124344,1.175372882,1.249943749,1.264670826,1.120452193,1.127423602,1.304026244,1.212503589,1.348340517,1.500975369,1.531383767,1.748189194,1.685375392,1.70440873,1.790331435,1.979300894,1.793041909,1.6981229,1.704250417,1.741444828,1.817323331,1.849957135,1.57989311,1.598721592,1.542567381,1.482088957,1.532184476,1.652807902,1.713901638,1.662587649,1.645069618,1.771700747,1.706292997,1.760509507,1.85533872,1.79754472,1.880454385,1.984158244,1.915841218,1.946217404,1.749156156,1.757672778,1.818693647,1.909652317,1.711660656,2.130526618,2.034468872,2.056074843,2.245796303,2.150446652,2.224701704,2.307149768,1.997784758
d__Bacteria;p__Spirochaetota;c__Leptospirae,0.138975292,0.121236507,0.064429492,0.0770493,0.044337503,0.070152086,0.063261598,0.023819257,0.036052311,0.02778913,0.064856602,0.022680096,0.050041237,0.030420699,0.065123449,0.077688498,0.072520601,0.130768724,0.148891457,0.079102191,0.095580203,0.074508715,0.045324091,0.019609171,0,0,0,0.076694452,0.045448819,0.069755866,0.056192088,0.029470733,0,0.063597396,0.038269332,0.047012636,0.045343916,0.027110897,0.042375016,0.03420676,0.040631525,0.03560216,0.021568217,0.021083097,0,0.042547257,0.079617804,0.037185111,0.080527046,0.031897767,0.060304106,0,0.044330557,0.0640054,0.040933264,0.067750465,0.099553429,0.014331155,0.057331728,0.079577584,0.062417896,0.046280648,0.045556503,0.047700705,0.016843824,0.033290988,0.028503124,0.0413394,0.089343996,0.187435456,0.109961127,0.07823048,0.108655072,0.117644171,0.099602937,0.078740223,0.098453819,0.098743363,0.095308435,0.079036135,0.143522496,0.105304746,0.095814912,0.084014802,0.088840518,0.104448895,0.072507353,0.073711871,0.0704204,0.074090085,0.077347019,0.072133811,0.098387973,0.113346988,0.0767326,0.082578153,0.126728713,0.074997718,0.083903901,0.118937137,0.079933142,0.111989065,0.097908302,0.083604733,0.063163949,0.082298063,0.135714722,0.069974987
d__Bacteria;p__Bacteroidota;c__Bacteroidia,1.293074521,1.073386763,0.950335477,0.844192799,0.905751271,0.890626364,1.022174874,1.095687924,1.078564216,1.022021381,0.875563833,1.0141263,1.086189399,1.095145956,1.317270583,1.39540436,1.447821407,1.47042207,1.576307399,1.144157432,1.080346365,1.10490935,0.96389161,1.34976627,1.141471251,1.207969477,1.283802445,1.34854355,1.249842731,1.37850792,1.250274827,1.0579995,1.048771035,1.789022382,1.722118146,1.5960778,1.716592224,1.927884757,1.493095954,1.151625873,1.08834526,1.048644319,0.927434142,0.993915863,1.168781731,1.171466564,1.543893776,1.428527626,1.742312124,1.504995939,1.685339974,1.564748928,1.124095049,1.249789502,1.180241874,1.470184601,1.576798093,1.592547431,1.426548706,1.235043902,1.363441374,1.301303847,1.450799106,1.736306445,1.90335655,1.761393987,1.7418551,1.710814991,1.522284438,2.113495932,1.738760878,1.749232896,1.654660951,1.771021411,1.767148747,1.653543783,1.983740235,1.696061714,1.657136413,1.583448095,1.584604954,1.571673693,1.632276099,1.694298237,1.611821568,1.729934314,1.554178787,1.941078867,2.051376308,2.14861196,2.227594096,2.002335635,2.120808201,1.979426143,1.848557804,1.976246151,1.738387976,1.540577279,1.617666815,1.634092936,1.509507356,1.577180008,1.507194832,1.33767583,1.65374807,1.659234571,1.749619122,1.609423812
d__Bacteria;p__Proteobacteria;c__Gammaproteobacteria,2.084629486,1.564246757,1.259060238,1.135640299,1.041930681,0.969928774,0.839049079,0.758814917,0.694006503,0.821322242,0.636773724,0.806765041,0.688803007,1.240489373,1.358712714,1.38644036,1.460771597,1.153671043,1.097265317,1.059404977,1.068760952,1.190321737,1.214684761,1.460005268,0.630557773,1.059732946,0.851792694,0.706227755,0.760005323,3.903004176,0.586058278,0.568785245,0.757782498,0.655329657,0.682959643,0.68638394,0.812952196,0.599451724,0.717882466,0.57011186,0.699443224,0.433698612,0.503258836,0.415637543,0.421867975,0.365905988,0.380780919,0.30367829,0.361151556,0.374074144,0.450693546,0.311750745,0.202653761,0.1583291,0.238777293,0.491190697,0.34361991,0.779255531,0.762174977,0.579324665,0.516996653,0.574424959,0.40650413,0.715510876,0.626966006,0.792929924,0.67457303,0.998505395,0.824713866,0.607549282,0.663203225,0.497545617,0.583632712,0.693146632,0.616895562,0.724409612,0.557206889,0.699915862,0.654860942,0.708599821,0.749831578,0.858233878,0.639906978,0.775736517,0.726588875,0.753990262,0.73768326,0.679787087,0.731759603,0.728552351,0.875568214,0.786010032,1.057671087,1.150057629,0.781277202,0.913990399,1.099234211,0.821849502,1.043764309,0.848073606,0.77166261,0.78081295,0.913811019,0.758208493,0.812518524,0.974302546,0.80695225,1.133594157
d__Bacteria;p__Verrucomicrobiota;c__Verrucomicrobiae,0.148038911,0.103494608,0.120805384,0.1004991,0.12667851,0.085402527,0.089898098,0.119096485,0.168244049,0.154383922,0.135609205,0.097200581,0.088308065,0.094642285,0.112485984,0.152388896,0.170941382,0.188888213,0.181259169,0.132778745,0.150611262,0.092681569,0.063453687,0.058827612,0,0.02523172,0.024453414,0.086281246,0.078272933,0.079720961,0.112384275,0.07957099,0.066684909,0.060832296,0.091257554,0.032908865,0,0.048197094,0.057330921,0.03420676,0.037729323,0.022655874,0.053920543,0.054213593,0.048411097,0.150333501,0.21116031,0.195221758,0.139092106,0.124691381,0.10156471,0.161870575,0.123492159,0.1179047,0.180788443,0.237126578,0.211952536,0.249003494,0.266423932,0.305577889,0.273078332,0.332131929,0.367956327,0.817272474,2.732448948,1.246897466,0.665071989,0.508792597,0.48795568,0.458893637,0.44671723,0.438090528,0.34769609,0.403805589,0.427328707,0.456693033,0.44408971,0.32817633,0.310520915,0.31614454,0.35734159,0.418586485,0.321664439,0.571300513,0.64409403,0.721349964,0.819648034,0.887272342,0.976700004,1.065044682,1.144735825,1.074545377,1.243515181,1.078179027,0.976596602,0.838919269,0.906386092,0.821849502,0.775271807,0.723965254,0.740919025,0.839918384,0.860406518,0.905237576,0.892909086,0.892004483,0.938998982,1.028631726
d__Bacteria;p__Proteobacteria;c__Alphaproteobacteria,0.021148444,0,0.018791898,0.0267998,0,0,0.026636499,0.010208224,0,0.018526087,0,0,0.026492419,0.030420699,0.023681318,0.029880199,0.028490197,0.055213479,0.009710004,0.042376227,0.055031059,0.047249382,0.030215994,0.12745976,0,0.01576985,0,0.025564784,0.007570003,0.332170536,0.026089194,0.00884001,0.042435805,0.041476597,0.002940018,0.030558153,0.058299363,0.069283391,0.014955906,0.03420676,0,0.003239996,0,0.027106796,0.020747599,0,0.096926105,0,0.02928258,0.017398828,0.044434605,0.032973615,0.028498137,0.0303183,0.040933264,0.044037747,0,0.042993365,0.094428747,0.076394472,0.046813397,0.065337427,0.059573904,0.073141154,0.11790707,0.099872865,0.139348372,0.244856399,0.216487391,0.235910071,0.240540016,0.237820555,0.248354407,0.302059336,0.379133709,0.321259894,0.391720623,0.383356392,0.461169671,0.558703734,0.541870484,0.56601315,0.622797176,0.711325216,0.77418207,0.773574361,0.86063042,0.761689233,0.915464904,0.848948626,0.850817212,0.701439337,0.901890138,0.962067448,0.913815402,1.020966626,1.151578716,0.97496974,1.181366611,1.083362273,0.919231579,1.014123684,0.925678719,0.957130134,1.036463596,0.955719132,0.891315415,0.885183087
d__Bacteria;p__Actinobacteriota;c__Actinobacteria,6.752386807,5.849966556,5.527516087,4.723459895,4.766278572,4.379929924,5.310647767,5.400176233,5.413851686,5.202737039,4.380767266,3.576982195,3.64123668,3.396980398,3.777162218,3.755938591,3.869490646,4.21075406,5.279173406,3.367495313,3.377168641,3.042135328,2.254116456,2.372712661,1.61681483,2.002769161,1.82789016,2.268876571,2.484535856,2.534461451,2.528645749,2.419547744,2.215756086,5.123738062,4.927907393,4.285198477,3.750592058,5.886073258,5.304354168,4.156115292,4.794523405,4.783630614,5.266244077,6.210468343,8.101939422,7.678353751,9.876073584,10.12984092,11.256703,11.48900541,13.13993855,13.7739872,12.8811793,15.71837633,15.24763305,18.00468006,20.35707345,22.25087964,22.80117139,23.58042524,24.3312838,27.41994178,26.20199241,25.0269807,24.38429934,26.50565028,28.52842009,28.91213776,30.31854456,29.68912468,32.32514571,34.4464316,34.85653414,36.2820914,35.53896838,36.40945943,36.34203662,39.26789348,41.23471976,41.93820967,41.60979349,42.34831408,41.03617511,40.41671419,41.00309175,41.20507674,42.70681462,41.3769224,41.35513317,39.54865979,39.50576298,39.57411238,38.18821319,38.5186376,40.17648498,41.14458108,41.34112488,42.58617968,42.34125428,42.10892076,38.84752444,38.5398094,38.80433251,37.18681255,37.36149869,36.18989712,34.58890697,34.952487
d__Bacteria;p__Desulfobacterota;c__Syntrophia,2.830866356,2.52231098,1.892617156,1.651535998,1.418799211,1.369490635,1.265232668,1.224992734,0.949376878,1.102300957,0.843135532,0.758164751,1.042035367,1.226969018,1.598485592,1.577673454,2.022805982,2.167855433,2.586179983,1.387114267,1.32653793,1.113995827,0.688925664,0.705931047,0.643492272,0.656025224,0.456463065,1.33256556,1.040273142,1.043015586,1.452967883,1.140517593,0.7790004,1.324484913,1.077427836,0.759253505,0.793519075,1.253125142,0.974625262,0.860868917,1.085442958,0.867397123,0.787240629,0.816215787,0.888689048,0.856617244,1.163112757,1.0070965,1.190823996,1.043927757,1.345732839,1.261990987,0.801115633,1.290213903,0.996042234,1.175470223,1.172161487,1.067669652,0.991501891,0.904001222,0.788026199,0.969171918,0.988225472,0.96991477,0.971329404,0.94727887,1.010276022,0.988965595,1.034328658,1.512409952,1.642544891,1.567738214,1.59567672,1.424448046,1.786426787,1.637795778,1.778453491,1.643785792,1.448072836,1.488059694,1.663688752,1.3610642,1.584368693,1.618684936,1.545191154,1.488396326,1.585703654,1.575249704,1.858485707,1.589849374,1.571691388,1.572020065,1.59880519,1.479040522,1.506749003,1.634672705,1.443605846,1.384332041,1.332393612,1.243668828,1.629407118,1.524296278,1.453790231,1.432812254,1.329314821,1.55304359,1.536877215,1.532451396
d__Bacteria;p__Verrucomicrobiota;c__Lentisphaeria,0.090636091,0.07688166,0.091275188,0.2009983,0.072840106,0.036601097,0.026636499,0.006810016,0.015021804,0.02778913,0.082544703,0.330482035,0.344401553,0.398849473,0.213131459,0.104580597,0.137000947,0.113000367,0.152128258,0.279682899,0.246191565,0.236247112,0.329354835,0.169946313,0.051738098,0.179776131,0.195627013,0.169366893,0.277742818,0.322205441,0.383310616,0.580573558,0.321299741,0.254389583,0.108920261,0.082272012,0.06153825,0.102418887,0.059823522,0.03420676,0.06675184,0.029128967,0.035947095,0,0,0,0,0.015493805,0.012201092,0.008699964,0,0.014988007,0,0,0,0,0,0.005369758,0.006740003,0.022281679,0,0,0,0.015900268,0.005610008,0.015132295,0.038004065,0.0604191,0.027490499,0.06786452,0.041235423,0.031292152,0.058984131,0.111285024,0.051407938,0.037795311,0.04399898,0.020329481,0.024595709,0.035430026,0.029290299,0.031591414,0.020531803,0.030805401,0.031728764,0.071808596,0.034677373,0.076441962,0.0398028,0.123483475,0.086600357,0.099494978,0.065592015,0.102288818,0.111611,0.095715593,0.104689011,0.093747123,0.097300001,0.074982113,0.098379313,0.118210768,0.127577503,0.155677775,0.175136535,0.191143846,0.190734168,0.230917349
d__Bacteria;p__Planctomycetota;c__Planctomycetes,1.356519754,1.191666287,0.985234773,0.800643199,0.63655945,0.603917903,0.552706886,0.530830171,0.534775557,0.469326996,0.400931615,0.369362327,0.494525264,0.70643675,0.704517726,0.732064379,1.082628583,1.005466462,1.217025862,0.689319561,0.677750831,0.512474424,0.438132514,0.395452127,0.135812394,0.220777701,0.248609344,0.594381726,0.568110341,0.431821787,0.590017371,0.601203082,0.345548845,0.60832296,0.597589725,0.441918415,0.459917131,0.656685717,0.498529485,0.25084917,0.658811599,0.362494292,0.373849432,0.43370874,0.452989373,0.425472168,0.661174232,0.539183961,0.65153686,0.550961908,0.615736263,0.605515882,0.471803308,0.623210401,0.620820861,0.586041368,0.677605737,0.519503721,0.559827577,0.487014736,0.415469211,0.615260813,0.494112736,0.426126452,0.47724279,0.453967542,0.532057611,0.429293698,0.357375985,0.675413902,0.680384726,0.585163742,0.720227652,0.693146632,0.67151654,0.623622182,0.517406411,0.679586381,0.694829057,0.651366741,0.67367678,0.629195977,0.530404165,0.431275909,0.475931553,0.538564473,0.64310846,0.518713088,0.535807202,0.552588387,0.621870067,0.554684317,0.475542087,0.497621128,0.397614301,0.435412233,0.542729655,0.490609821,0.449724804,0.480919764,0.448855565,0.311080879,0.326361107,0.441087047,0.347401967,0.35308507,0.289769192,0.237914777
d__Bacteria;p__Fermentibacterota;c__Fermentibacteria,0.075530059,0.065053728,0.069798691,0.0502496,0.044337503,0.024400765,0.0133182,0.010208224,0.024034907,0.012350758,0.047168402,0,0.011774409,0,0.035521926,0.071712398,0.028490197,0.026153785,0.064735425,0.042376227,0.017378219,0.023624741,0,0.003270012,0,0.01261586,0,0.019173588,0.040398917,0,0.026089194,0.023576627,0.015155602,0.019355699,0.008830054,0.018804994,0,0.051209394,0.032404412,0,0.034827021,0.025892471,0.025162987,0.015059298,0.017289699,0.02269183,0,0.030987609,0.024402084,0.034797555,0.025391203,0.047961622,0.018998824,0.0134748,0.017055485,0.044037747,0.038536834,0.025079471,0.047214423,0.031831013,0.009749937,0.040835854,0.052565204,0.022260356,0.009360014,0.021185193,0,0,0.041235698,0.06786452,0.034362902,0.062584404,0.040357552,0.041334406,0.051407938,0.053543316,0.027231869,0.040659061,0.05534032,0.059958475,0.058580598,0.052652423,0.037641605,0.033605901,0.028555877,0.026112199,0.02837246,0.043681064,0.0336793,0.021609596,0.024751002,0.069646414,0.030063045,0.049762063,0.0313906,0.030028392,0.024794803,0.024999206,0.0469862,0.023270266,0.024594828,0.040440523,0.029669201,0,0.022968718,0.037166828,0.025675728,0.007000329
d__Bacteria;p__Synergistota;c__Synergistia,0.16616615,0.16263437,0.118120785,0.1272989,0.107676708,0.137254064,0.129852797,0.214373713,0.20429626,0.185260667,0.150349306,0.123120776,0.144236506,0.118302806,0.186489939,0.158364995,0.14763112,0.165640437,0.2621784,0.152554318,0.118751228,0.159921102,0.108777779,0.12745976,0.071139897,0.08831112,0.063171237,0.092672442,0.136346458,0.106294548,0.128439172,0.13261835,0.093965012,0.276510382,0.306154357,0.223309819,0.239675126,0.361478354,0.2692059,0.233745891,0.281518671,0.265397601,0.197708825,0.225889969,0.293924383,0.26946566,0.40501252,0.281986984,0.402635128,0.414671275,0.498302051,0.548561455,0.32614592,0.596260701,0.501432264,0.64024168,0.722565359,0.682520385,0.687980941,0.70983193,0.69830048,0.745935667,0.728903853,0.674170258,0.567076719,0.653713273,0.684073971,0.728209396,0.694134172,0.678645503,0.683820986,0.804209006,0.655034628,0.613657343,0.632960561,0.655118291,0.563491143,0.697011622,0.664084346,0.659542924,0.629741382,0.721337718,0.698080385,0.694522215,0.659958462,0.678917566,0.693548367,0.758959141,0.701142003,0.580372181,0.652808795,0.67407817,0.576663074,0.539089514,0.694081101,0.628720325,0.655683566,0.753101685,0.765203407,0.723965254,0.713249918,0.687488696,0.631953713,0.585233232,0.683319525,0.698205935,0.623553962,0.745233212
d__Bacteria;p__Sumerlaeota;c__Sumerlaeia,0.042296789,0.053225796,0.067114091,0.0234498,0.053838404,0.051851538,0.0166478,0.017013741,0,0.030876744,0,0,0.032379624,0.02704061,0.035521926,0.032868199,0.054390476,0.037777623,0.07768253,0.048026391,0.063720169,0.025442037,0.018129596,0,0.0097,0.00630998,0,0.009589994,0.005050002,0,0.018061796,0.005890007,0,0,0.044156868,0.011753159,0,0.033135496,0.019941207,0.00855004,0.037729323,0.032365564,0.014378778,0.009039999,0.038037298,0.02269183,0.00346,0.021691306,0.017081488,0.017398828,0.019043402,0.053956825,0,0.0202122,0.027288876,0.016937641,0.02890265,0.017913894,0.006740003,0.025464791,0.005849962,0.019056779,0.024530402,0.038160624,0.031816146,0.042370285,0.012667988,0.0127198,0.017181499,0.080791124,0.058416824,0.065713619,0.021730974,0.022256965,0.048194999,0.028346508,0.02932672,0,0.043042516,0.024528449,0.067367698,0.050019722,0.027375703,0.0196035,0.038074536,0.013056099,0.025219953,0.038220981,0.0459263,0.030870894,0.018563277,0.027361066,0.019130992,0.041468386,0.0348784,0.018767757,0.035814604,0.031249008,0,0.025855873,0.015371793,0.03421892,0.032636101,0.031712175,0,0.034512126,0.011003869,0
d__Bacteria;p__Acidobacteriota;c__Thermoanaerobaculia,0.123869261,0.07688166,0.08053689,0.0468996,0.069673205,0.033550989,0.043284299,0.051041322,0.03304791,0.030876744,0.032428301,0.025920195,0.055928441,0.02699991,0.07990006,0.059760398,0.059570512,0.061025398,0.084156032,0.0932276,0.055031059,0.038199905,0.021151196,0.045754765,0,0,0,0.038347176,0.030299213,0.023251989,0.03610359,0.05304736,0.033300004,0.055299996,0.020606525,0.018800094,0.032388568,0.057234093,0.024926509,0.048459526,0.011609007,0.016182782,0,0,0.027663498,0.02269183,0.020769901,0.015493805,0.021961885,0,0.031739003,0,0,0.0134748,0.020466582,0.016937641,0,0.026870891,0,0.035014125,0.013653912,0,0,0.022260356,0.016843824,0.006049998,0,0.0158998,0,0.029084809,0,0.015646076,0,0.015897818,0,0,0.012568609,0.020329481,0.012297905,0.008179983,0,0.02369361,0.006840001,0,0,0,0.022067447,0.021840532,0.0183705,0.021609596,0.021657189,0,0,0.022116539,0,0,0,0,0.00671,0.010342329,0,0,0,0,0,0,0,0
d__Bacteria;__;__,0.063445233,0.068010711,0.07785229,0,0.028502702,0.067101978,0.026636499,0.023800057,0.024034907,0.02778913,0.056012502,0.04860029,0.088308065,0.074361753,0.097685273,0.137448796,0.121730941,0.177264275,0.148891457,0.14125399,0.055031059,0.079960501,0.042302492,0.042486553,0,0,0.036680021,0.044738372,0.053023623,0.066434067,0.098336179,0.047153153,0.081840511,0.060832296,0.097145089,0.063467018,0.058299363,0.08133269,0.069794126,0.031356146,0.101578862,0.038838656,0.071894091,0.057225492,0.058784897,0.093603825,0.19731381,0.16733295,0.23670064,0.162388724,0.266607427,0.299760339,0.291314776,0.299814701,0.347932598,0.301489454,0.346831304,0.256169072,0.28328624,0.257831319,0.243998421,0.217791457,0.185730314,0.184442833,0.165000238,0.096846366,0.136181425,0.136737999,0.158070194,0.261763278,0.192432073,0.194011542,0.180056888,0.146260283,0.134945876,0.13543314,0.232518612,0.212007727,0.347414529,0.337947595,0.275328792,0.265894517,0.232693428,0.285650306,0.184026909,0.172993391,0.258504347,0.212945338,0.162273001,0.200660559,0.114473573,0.238787906,0.068325029,0.248810514,0.1395138,0.15014216,0.159788416,0.199993849,0.161095401,0.230117553,0.31358401,0.239532238,0.148345903,0.227750818,0.19523415,0.16990563,0.16139045,0.181934847
d__Bacteria;p__Actinobacteriota;c__Thermoleophilia,0.271955564,0.195161184,0.144966381,0.1239489,0.104509808,0.115903408,0.023306899,0.020416549,0.108156832,0.067928918,0.029480301,0.04860029,0.085364463,0.037180876,0.133207099,0.131472796,0.170941382,0.139486652,0.148891457,0.056501636,0.112958522,0.059999851,0.003019999,0.075168571,0,0.00314999,0.014264508,0.07989005,0.095947541,0.089686056,0.104356777,0.082518094,0.009090001,0.14655049,0.04121305,0.084622724,0.022672008,0.153628281,0.067301525,0.031356146,0.159623997,0.051784942,0.068299421,0.036142395,0.086448395,0.042547257,0.065771303,0.089864027,0.078086847,0.057995959,0.044434605,0.065947231,0.050663465,0.1111673,0.075044235,0.114999601,0.105976218,0.05732452,0.077566438,0.003180011,0.048763984,0.02722397,0.056069504,0.050880799,0.031816146,0.030299989,0.041171112,0.0731389,0.030926799,0.038779712,0.041235423,0.093876556,0.058984131,0.114464547,0.057833918,0.081900024,0.052369087,0.145210805,0.058400022,0.035430026,0.090799897,0.073713333,0.041063505,0.081214302,0.006349973,0.055488497,0.07565986,0.049141247,0.0581734,0.033957993,0.083500345,0.059696927,0.027330031,0.033199908,0.0139514,0.028151686,0,0.018749405,0.0402739,0.025855873,0.036892242,0,0.056371501,0.060541352,0.011484409,0,0.029343718,0.027990015
d__Archaea;p__Thermoplasmatota;c__Thermoplasmata,0.138975292,0.097580642,0.110067086,0.0703494,0.044337503,0.054901646,0.046613799,0.078263387,0.051074115,0.052490546,0.061908602,0.025920195,0.050041237,0.070981664,0.044402333,0.059760398,0.108780852,0.107520949,0.126234048,0.045201309,0.060823766,0.049066678,0.039280892,0,0,0.0315397,0.028528917,0.04793397,0.042923918,0.023251989,0.064219586,0.06188857,0.048498106,0.052536997,0.052988221,0.035259477,0.029149682,0.051209394,0.062316223,0.051310039,0.046436028,0.022655874,0.039541765,0.021083097,0.055326897,0.031201242,0.058848003,0.061975118,0.070766152,0.063795635,0.088869109,0.074940035,0.088661014,0.0404245,0.075044235,0.023712618,0.067439384,0.066281517,0.070821535,0.050929682,0.048763984,0.054447839,0.038547803,0.057240886,0.061760789,0.024211592,0.044338159,0.0317995,0.037799398,0.084022825,0.082470846,0.08448891,0.058984131,0.076309765,0.035342939,0.088189026,0.07122195,0.092934883,0.070712726,0.084486924,0.058580598,0.052652423,0.047907506,0.056009901,0.041247423,0.048960398,0.06620234,0.049141247,0.0949144,0.061741687,0.068065381,0.042285348,0.079256981,0.044232978,0.0418541,0.048796249,0.049589505,0.062498015,0.0369177,0.049126239,0.033817864,0,0.0237354,0.028829177,0.043066333,0.045131135,0,0.045483737
d__Bacteria;p__WPS-2;c__WPS-2,0.009068518,0,0,0,0,0,0,0,0,0,0,0,0.011774409,0,0,0.017928099,0,0,0,0,0,0,0.012086398,0,0,0.00630998,0,0,0,0,0,0,0,0,0,0,0,0,0.012463205,0.00855004,0,0,0.017973548,0.018071198,0.020747599,0.017018923,0,0.021691306,0.051244465,0.043497019,0.142825415,0.173860981,0.161489708,0.316658201,0.474143388,0.450540438,0.333985727,0.209592868,0.094428747,0.082760695,0.062417896,0.073504618,0.028034802,0.047700705,0.076733111,0.072634775,0.057006148,0.0317995,0.068726197,0.090486027,0.099652347,0.137685569,0.201787962,0.228929195,0.247400873,0.330708797,0.590723012,0.670873661,0.556478106,0.179875325,0.041006399,0.039489317,0.047907506,0.053209401,0.019037218,0.016320099,0.059897327,0.05460133,0.0520498,0.114222177,0.083534745,0.124368647,0.117518965,0.23222316,0.376687201,0.290900391,0.410490941,0.28436617,0.281917003,0.191333643,0.08300752,0.08710265,0.083073702,0.072073042,0.063163949,0.053095541,0.055019447,0.024491251
d__Bacteria;p__Verrucomicrobiota;c__Omnitrophia,0.015106032,0.008869949,0.010738299,0.0334997,0,0,0,0,0,0,0,0,0.008830006,0,0.035500026,0.056772298,0.036260251,0.075555245,0.055025121,0.0310759,0.008690009,0.005449986,0.012086398,0,0,0.01576985,0.016302209,0.03195598,0.032824114,0.023251989,0.048164689,0.02652363,0.021217903,0,0,0,0.012955447,0,0,0,0,0,0.007190339,0.021083097,0,0,0,0.015493805,0,0.011599152,0,0,0,0,0.010233291,0.013550053,0.016056972,0.071655675,0.067449133,0.11777482,0.130687554,0.092561397,0.157695512,0.273484156,0.224584825,0.211851526,0.253360767,0.295735699,0.271468289,0.365175909,0.192432073,0.265983492,0.307338538,0.31477763,0.34057773,0.337007998,0.425236847,0.206199247,0.295148609,0.340672989,0.287044892,0.313281738,0.314820538,0.515290711,0.475931553,0.60058097,0.381451607,0.461381666,0.428645802,0.509369196,0.430049375,0.447727249,0.379887027,0.45338815,0.411565701,0.240227436,0.39120614,0.340614484,0.258423902,0.302514058,0.264394353,0.339078195,0.317460307,0.325770239,0.307206636,0.289370522,0.344788639,0.234416113
d__Bacteria;p__Armatimonadota;c__uncultured,0.075530059,0.041397863,0.051006693,0.0502496,0.044337503,0.033550989,0,0.027222065,0.039056611,0.02778913,0,0.019440096,0.038266828,0.020280433,0.017760913,0.026892199,0.036260251,0.058119489,0.058261922,0.033900982,0.026067328,0.03634571,0,0,0,0,0,0.035151578,0.027774312,0.033217084,0.020068596,0.023576627,0.00303,0.041476597,0.047100686,0.02585693,0.022672008,0.024098597,0.034897113,0.011402253,0.020315812,0.012946185,0,0.021083097,0.020747599,0,0.024231501,0.037185111,0.021961885,0,0.038086804,0.044964021,0.037997549,0.0202122,0.037522167,0.0575879,0.022479761,0.035827888,0.026979613,0.019098568,0.039011147,0.032668764,0.049060804,0.050880799,0.009360014,0.018158694,0.031670071,0.0540592,0.013745199,0.051706315,0,0.015646076,0.03414876,0.031795735,0.019277939,0.062992118,0.048179584,0.055180062,0.058414822,0.032704632,0.041006399,0.018428308,0.051329406,0.011202,0.015864432,0.052224397,0.01891494,0.021840532,0.0459263,0.033957993,0.052596017,0.039799951,0.027330031,0.022116539,0.0348784,0.022521369,0.033059703,0.015624504,0.0134246,0.043955025,0.018446071,0.027997316,0.047470701,0,0,0.034512126,0.044015577,0.024491251
d__Bacteria;p__Firmicutes;c__Bacilli,15.56523335,22.08574514,29.35033181,36.13614276,42.41829571,44.55572125,38.68282513,33.07820632,35.1539836,37.57086276,36.99183541,38.23547717,31.47888807,28.52111521,23.36157093,16.29664993,13.57170741,11.88252145,9.910992566,11.5065508,12.894644,11.42890645,10.03172482,11.42889284,13.08973264,16.69710225,18.99416262,18.32357516,19.00770908,12.53279572,10.02427411,10.89533246,12.70043514,14.76842153,17.38309045,19.76879828,21.93351406,19.79094251,24.31577752,27.818607,26.30312714,31.05476003,34.26114139,33.16366022,32.39046799,33.43927314,28.72473141,30.72418876,27.56952749,29.56345542,25.16266489,24.71224169,28.87816012,26.76435915,24.01075823,16.89018532,11.69271252,8.627343744,6.583033059,4.847865478,3.942081483,2.708780975,2.400476775,1.815807587,1.648827083,1.213606478,1.029278004,0.658250397,0.532627678,0.310237893,0.226794875,0.15646086,0.12728165,0.130362465,0.173501855,0.141732341,0.108927676,0.113264364,0.095308435,0.065409263,0.049793499,0.071080731,0.054751407,0.039206901,0.047593195,0.039168298,0.044134893,0.079171954,0.0734821,0.086438382,0.064971468,0.077108605,0.106587013,0.10505331,0.045342,0.078824641,0.079894208,0.074997718,0.077191601,0.059468569,0.098379313,0.164872895,0.151312903,0.118199805,0.129199099,0.159286522,0.102703014,0.440842211
d__Archaea;p__Euryarchaeota;c__Methanobacteria,0.673728118,0.623924533,0.593288523,0.505845699,0.411705132,0.427012633,0.41286539,0.340275715,0.318461893,0.293329372,0.244686209,0.243001552,0.341457951,0.388709207,0.408501905,0.400394388,0.510234027,0.549228782,0.563198114,0.457662953,0.32439355,0.376178064,0.271944346,0.248000895,0.155214193,0.249163411,0.144682484,0.367494068,0.318141735,0.262414771,0.278953739,0.318283961,0.272801735,0.536430265,0.527003197,0.331438861,0.31740761,0.500045137,0.466125073,0.256550297,0.351172713,0.236268634,0.23725059,0.283115461,0.34579338,0.263792752,0.318471316,0.291283287,0.353830861,0.278380742,0.342781035,0.34472436,0.189987945,0.394138501,0.313821527,0.294714378,0.311505965,0.31886775,0.266423932,0.267380653,0.251998369,0.274961693,0.245304218,0.238503625,0.25600037,0.275407004,0.256527714,0.213056899,0.302395088,0.36840751,0.28864806,0.434961313,0.400471428,0.391087295,0.292382831,0.324409495,0.178054774,0.30784685,0.338191125,0.256186065,0.292902992,0.29485333,0.266913033,0.271647806,0.352189385,0.326402684,0.3310117,0.313957924,0.293928501,0.290186141,0.25679206,0.345744874,0.303363059,0.309630946,0.2267099,0.360341203,0.286517229,0.315615178,0.379245503,0.328369932,0.430409394,0.357743006,0.332294907,0.380545696,0.333046456,0.358394675,0.32644889,0.374017572
d__Archaea;p__Euryarchaeota;c__Thermococci,0.1903357,0.186290235,0.201342274,0.1473987,0.155181212,0.088452635,0.126523297,0.105485453,0.108156832,0.129682507,0.091388803,0.074520485,0.091251667,0.158863771,0.195370446,0.167328995,0.186481489,0.209229979,0.233000089,0.183998815,0.150611262,0.114489015,0.066475287,0.075168571,0.035569898,0.07254127,0.038717822,0.159779999,0.14139636,0.112938044,0.172590062,0.117882934,0.066684909,0.071892695,0.126583068,0.086973336,0.038866242,0.108443486,0.082257331,0.085516799,0.101578862,0.080913909,0.061109982,0.066261091,0.093364194,0.096440329,0.083079504,0.10225903,0.124450916,0.092793614,0.123782013,0.08693054,0.088661014,0.1077986,0.139855278,0.132113342,0.15735863,0.123606037,0.134898267,0.098676152,0.083874057,0.106173281,0.098121707,0.092221416,0.095448538,0.108952162,0.066500989,0.0604191,0.113398195,0.122802537,0.14088777,0.140814784,0.124177154,0.174876395,0.128519896,0.113385833,0.104738173,0.145210805,0.172170064,0.122642244,0.149380496,0.131630958,0.130034616,0.151226603,0.117396495,0.140353193,0.110337233,0.133773384,0.153087801,0.117309276,0.099004209,0.111999862,0.128000616,0.154999573,0.090684,0.116360156,0.107443911,0.065622916,0.083903901,0.062100176,0.098379313,0.093324254,0.115709802,0.123965701,0.089003768,0.053095541,0.069691306,0.062977459
d__Bacteria;p__Desulfobacterota;c__uncultured,0.087614884,0.032526914,0.034899295,0.0267998,0,0.027450773,0.0133182,0.010208224,0.003000001,0,0.0117921,0,0.014718011,0.006759978,0.05328284,0.026892199,0.025900179,0.069743326,0.045314817,0.022600654,0.014481816,0.007269982,0.015107997,0.009800035,0,0,0,0.028799982,0.017700008,0.009969995,0.012041197,0,0,0.024885898,0.038269332,0.016454382,0,0.009039999,0.014955906,0.00855004,0.017413511,0,0.035947095,0,0.010373799,0.002840004,0,0.021691306,0.024402084,0.020299916,0,0.04196642,0.01583232,0,0.030699973,0.023712618,0.022479761,0.014299356,0.02020001,0.025500091,0.013699911,0.002719897,0,0,0.007490011,0.012105796,0.012700189,0.0254396,0,0.03231641,0.037799163,0.015646076,0.009309989,0.028616112,0.035342939,0,0.027231869,0.023233721,0.02767021,0.013626872,0.017574199,0.026326212,0.006840001,0.025204401,0,0,0.012609927,0,0.0214323,0,0.006190026,0.012436885,0,0,0.0209271,0.005630017,0.022039802,0.015624504,0,0,0.024594828,0.027997316,0.0178015,0.014414588,0.014355411,0.010619108,0.014671859,0.003500164
d__Bacteria;p__Firmicutes;c__Syntrophomonadia,0.138975292,0.138978405,0.187919476,0.1708485,0.142513311,0.17690527,0.153159796,0.210971005,0.228331167,0.253189584,0.226998009,0.213841358,0.097138871,0.138583239,0.162808721,0.259957592,0.170941382,0.360340569,0.524356899,0.262998306,0.240398759,0.243516194,0.114820977,0.081704995,0.032336299,0.091465011,0.083549048,0.172562491,0.191895082,0.179372112,0.224768551,0.197453924,0.190961225,0.331812478,0.303001838,0.199803501,0.116999525,0.310268961,0.206889777,0.142527965,0.261202858,0.190956885,0.140193512,0.135533981,0.190186389,0.20989958,0.173082208,0.086765226,0.212298557,0.214999106,0.29517253,0.191846589,0.088661014,0.1650665,0.136444181,0.169376113,0.189472675,0.206010029,0.192229995,0.162000577,0.120934717,0.182400296,0.094617307,0.089041323,0.11790707,0.145269649,0.117179342,0.181257399,0.134015995,0.16804555,0.202740854,0.178365466,0.065193023,0.133541989,0.125306956,0.176378052,0.123591036,0.206199247,0.126053047,0.174424536,0.140593396,0.13689616,0.140300417,0.131623203,0.072976186,0.137089093,0.1418622,0.100999686,0.0949144,0.114222177,0.08972257,0.188999767,0.106587013,0.152050881,0.090684,0.112606645,0.121218812,0.103121825,0.198000002,0.157721047,0.184461212,0.161762093,0.192849704,0.164326569,0.14355451,0.180524738,0.168999529,0.171438654
d__Bacteria;p__Bacteroidota;c__Ignavibacteria,0.70388499,0.588440636,0.488590537,0.3684969,0.348365827,0.332459882,0.376240291,0.418539202,0.372540309,0.364346004,0.309542812,0.346682132,0.332627145,0.456310782,0.547629309,0.540831284,0.712255623,0.604442261,0.705616068,0.46896328,0.45473029,0.434331119,0.214533858,0.277796902,0.297493887,0.19899937,0.191551511,0.373885264,0.287842522,0.355422525,0.497701691,0.368384218,0.260677234,0.46177237,0.379749104,0.305581932,0.310929936,0.457872642,0.343985328,0.296001381,0.348270511,0.271870794,0.291171133,0.358412051,0.428783775,0.3744155,0.501938525,0.477208742,0.556368624,0.611857655,0.647475267,0.566547063,0.405307522,0.532255301,0.538954332,0.575878803,0.584475096,0.605490451,0.451909024,0.455183722,0.415469211,0.495475547,0.609756145,0.505627694,0.499701322,0.511470022,0.443381293,0.492892798,0.515446179,0.555842966,0.646021824,0.544483944,0.61157258,0.562784166,0.65866458,0.570078866,0.555112137,0.62731046,0.577999314,0.569605311,0.638528481,0.497565019,0.65701678,0.691721715,0.640921143,0.672389566,0.781818154,0.636106023,0.673586203,0.713116854,0.79203347,0.838244868,0.839031136,0.771312673,0.882424702,0.895222641,0.818226983,0.837474006,0.748422607,0.868758265,0.928454615,1.132334352,1.002818621,1.222359022,1.220213437,1.170755897,1.236104054,1.382005228
d__Bacteria;p__Spirochaetota;c__Brevinematia,0.009068518,0,0.016107398,0,0,0,0.0199774,0,0.036052311,0.018526087,0.020636201,0.016200097,0.023548817,0,0.032561724,0.032868199,0.028490197,0.040683632,0.032367712,0.019775573,0.028963731,0.043614891,0.039280892,0.042486553,0.035569898,0.01576985,0.03464232,0.057520864,0.030299213,0,0.036123492,0.041259047,0,0,0.026494161,0.023506318,0.042099829,0.042172495,0.05483822,0.02565502,0.037729323,0.097096691,0.057515313,0.114450884,0.114111793,0.241000322,0.321933016,0.347000103,0.470961082,0.487166273,0.539562656,0.542566152,0.582629551,0.532255301,0.77099933,1.128044888,1.570375304,1.42057387,1.416431301,1.244593136,1.016241722,0.884777712,0.669330049,0.763211581,0.741129971,0.938199574,0.826589391,0.785448496,0.714752071,0.827301147,0.835017536,0.898085562,0.887998954,1.080041964,1.034585249,1.26614207,1.424438594,1.231387199,1.152924227,1.182816631,1.183327966,1.079373876,1.108715835,0.92976362,0.761490525,0.913927554,0.948900207,0.876352076,0.835859303,0.941561207,0.965290785,1.024797838,1.033074069,0.975890309,1.105646802,0.959033037,1.016585003,0.912471724,0.886025008,0.791190545,0.787034402,0.861693996,0.747663616,0.723613421,0.778065498,0.700860637,0.740928834,0.650767074
d__Bacteria;p__Bdellovibrionota;c__Oligoflexia,0,0,0,0.0167499,0,0,0,0.006810016,0.012017404,0,0,0,0.023500017,0.020280433,0.050322738,0.050796299,0.069930583,0.063931407,0.129470849,0.056501636,0.04630005,0.009089977,0,0,0,0.01261586,0,0,0.030299213,0,0.060205887,0.032400037,0.033342404,0.016590599,0.023550343,0.016454382,0,0.027110897,0,0.01710338,0,0.012946185,0.018000849,0,0.017289699,0.014182419,0,0.012395004,0.068325954,0.020298616,0.063478007,0.047961622,0.028498137,0.033687,0.047755459,0.081300518,0.044959623,0.078821253,0,0.028647902,0.042912322,0.03539106,0,0.031800437,0.028073141,0.054476081,0.02216903,0.0572392,0.051544598,0.13249744,0.099652347,0.065713619,0.117968361,0.04451403,0.061046958,0.06929132,0.060748092,0.037754821,0.039968015,0.070859952,0.017574199,0.081611236,0.034219604,0.075613302,0.053938868,0.039168298,0.091422293,0.051871339,0.0612351,0.058654588,0.058783743,0.08954549,0.103854,0.110582495,0.0697569,0.058180078,0.077139208,0.059373115,0.063766901,0.056882961,0.064561449,0.043551325,0.065272201,0.046126763,0.063163949,0.021238216,0.055019447,0.083969945
d__Bacteria;p__Chloroflexi;c__Dehalococcoidia,0.169187356,0.138978405,0.112751685,0.0669994,0.076007106,0.070152086,0.083238998,0.044200106,0.072104621,0.086455004,0.061908602,0.04860029,0.070646452,0.094642285,0.07990006,0.110556697,0.181301453,0.098803021,0.178022368,0.0932276,0.086891094,0.070874124,0.012086398,0.062095824,0.019401799,0.03469359,0.022400013,0.060716462,0.040398917,0.009969995,0.078267583,0.076623887,0.069716009,0.063597396,0.076538564,0.044661924,0.022672008,0.060246392,0.022400008,0.062712293,0.060900037,0.048548345,0.064704752,0.039154295,0.055326897,0.036874249,0.107311005,0.043400013,0.05859996,0.055096171,0.104738611,0.053956825,0.044330557,0.0808489,0.078455432,0.054200312,0.070650879,0.071655675,0.070821535,0.066845138,0.091676307,0.059897733,0.063078205,0.038160624,0.058017784,0.036317387,0.063340142,0.0604191,0.058417198,0.051706315,0.048108043,0.087618126,0.090028494,0.060411847,0.086750977,0.085039425,0.066998448,0.081318023,0.070712726,0.068134558,0.082012798,0.076300034,0.07870511,0.072812802,0.072976186,0.045696398,0.08510018,0.05460133,0.0275558,0.043219191,0.030938828,0.047260142,0,0,0.0313906,0.020644563,0.041324604,0.049998412,0.0302054,0.03880011,0.049189656,0,0.041536901,0.040360868,0.048808537,0.031857324,0,0
d__Archaea;p__Halobacterota;c__Methanosarcinia,9.752440519,8.554566994,6.008052925,5.437003795,4.174056526,3.568605871,3.006592425,2.820886056,2.379450897,2.482492914,2.028242177,1.665370372,3.57353373,3.910752589,4.469839335,4.858517159,6.946434914,7.020829476,8.515944336,4.966490616,4.495167946,3.532802407,2.444477518,2.22000801,1.034761456,1.8009153,1.332709173,4.953181279,3.433911359,2.863310288,4.786365156,3.49228266,2.764390657,4.208488622,3.320597143,2.686770066,2.655859607,3.1779976,2.652177084,2.662422323,2.568494757,1.993718855,2.092118773,2.379374372,2.749057538,1.957171813,2.807394238,2.599858275,2.303561145,2.000861576,2.021773108,2.035372646,1.789052706,2.058278604,2.398005816,2.710017702,2.787496414,3.548747496,3.143128456,3.246764771,3.196967606,2.679898569,2.985702518,3.625255186,3.5297251,3.528840872,3.423537105,3.300791783,3.40881746,5.222338661,4.326284533,5.05681626,5.184397193,4.607199208,4.957655572,4.790552599,3.663739807,3.80452192,3.753921289,3.979060696,4.235376677,3.943663739,3.332991507,4.262350294,4.204062218,3.818911609,3.858650661,4.067802457,4.304828417,4.380575202,3.607464892,3.571868303,3.703215412,3.616046631,3.449478607,3.194274381,3.245358228,3.13115297,2.674855724,2.986356572,2.262723794,2.311330931,2.029372543,2.188137849,2.472008799,2.322928379,2.145759318,2.396641997
d__Bacteria;p__Firmicutes;c__Negativicutes,0.081572472,0.062096745,0.099328887,0.1239489,0.180516814,0.237907031,0.352933291,0.421941911,0.330479297,0.324206117,0.25942631,0.311041939,0.344401553,0.422509994,0.420342514,0.475094886,0.512824045,0.488203384,0.417543459,0.358785189,0.379424609,0.41797556,0.543888693,0.578471287,0.47534358,0.826339385,0.923115035,0.891572638,0.881202275,0.71084505,0.652230058,0.501002568,0.639568483,1.354901011,1.413020071,1.445637446,1.596754611,2.397806698,2.280772546,1.946931884,2.138961096,2.191148733,2.19277052,2.409493067,2.216535669,1.735926317,1.401966269,1.202318258,1.178622904,0.994631162,0.987082302,0.959233046,0.731453443,0.889338002,0.729976166,0.775997309,0.908998439,1.129949149,1.187104288,1.044057721,1.174236999,1.317638229,1.314129596,1.179997652,1.28013365,1.204527181,1.360020222,1.147963194,1.398577343,1.10522263,1.109920455,1.219966939,1.28212939,1.18004585,1.209977369,1.307086982,1.225436105,1.36997174,1.318945288,1.329987424,1.274127863,1.329472786,1.242172452,1.36944103,1.319916923,1.39047553,1.39970666,1.335003651,1.135911305,1.284227837,1.33965033,1.290946811,1.320006349,1.277227479,1.321893203,1.203013984,1.154333717,1.146839482,1.08739431,1.25142565,1.491061185,1.462080142,1.370716529,1.424163561,1.452771716,1.494638545,1.536877215,1.430067186
d__Bacteria;p__Planctomycetota;c__vadinHA49,0.021148444,0.014784915,0.034899295,0.0200998,0.034836603,0.027450773,0.029965999,0,0,0.021613701,0.020636201,0.019440096,0,0,0.011840609,0.032868199,0.080290655,0.084273173,0.100339938,0.056501636,0.063720169,0.067239533,0.04834569,0.026145594,0.016168099,0.05361743,0.042793425,0.070303256,0.04797372,0.009969995,0.096329379,0.07072978,0.054560307,0,0.020606525,0.042311312,0.012955447,0.018073898,0.019941207,0,0.014511309,0,0,0.027106796,0.024205499,0.028364838,0,0.018592506,0.004879997,0,0.019043402,0,0,0,0,0.013550053,0.012845578,0,0,0.057295804,0.039011147,0.024501573,0,0.050880799,0.072990105,0.093819967,0.053839201,0.0635991,0.054980898,0.064632919,0.058416824,0.07823048,0.077610709,0.038154882,0.067472938,0.081889824,0.077506204,0.055180062,0.021521208,0.01907766,0.049793499,0.04475452,0.051329406,0.061610801,0.10470495,0.071808596,0.03782988,0.046411156,0.0336793,0.04939339,0.018563277,0.037310554,0.030063045,0.038703893,0.0104635,0.007510023,0.008260001,0.04062371,0.0234931,0.015513544,0.024594828,0,0.0089,0.025946279,0.020097615,0,0,0.045483737
d__Bacteria;p__Caldatribacteriota;c__Caldatribacteriia,0.181272081,0.109408575,0.093959688,0.0837493,0.079174106,0.057951754,0.059932099,0.061249647,0.081117624,0.058665874,0.044220402,0.05184029,0.073590054,0.087882108,0.088804766,0.095599997,0.121730941,0.110426958,0.142417954,0.073452127,0.095580203,0.063604942,0.030215994,0.03595023,0.012934499,0.04729985,0.004080002,0.041542774,0.045448819,0.063112369,0.058198987,0.055994363,0.048498106,0.066362496,0.091257554,0.035259477,0.058299763,0.048199994,0.05483822,0.045608913,0.069654142,0.048499945,0.050325874,0.060237292,0.076074596,0.053893172,0.065771303,0.061975118,0.085407442,0.052196383,0.088869109,0.068900032,0.063329282,0.0437932,0.081866529,0.074525442,0.09313064,0.071696773,0.074194037,0.057295804,0.093599394,0.12523006,0.084104306,0.098581504,0.076733111,0.069608376,0.057006148,0.0476993,0.082471397,0.096949329,0.079034585,0.103264202,0.111759468,0.095387106,0.105998017,0.116535434,0.094264316,0.095839123,0.07993613,0.100999789,0.079083798,0.094774342,0.088971011,0.103618202,0.091999604,0.084864696,0.107000226,0.095552403,0.125532001,0.080299984,0.052596017,0.072133811,0.05192705,0.080199779,0.0627812,0.071317518,0.079894208,0.08124752,0.083903901,0.090500257,0.058412692,0.099500057,0.077139902,0.083604733,0.091874871,0.082298063,0.051351457,0.048982501
d__Bacteria;p__Desulfobacterota;c__Syntrophorhabdia,0.425989496,0.381451519,0.265771766,0.2244481,0.174182914,0.17690527,0.159818896,0.112290969,0.114165533,0.19452371,0.112025004,0.071280486,0.164841721,0.182999391,0.20129075,0.34063409,0.310802448,0.328374865,0.375465443,0.228831526,0.251984272,0.203535893,0.105756179,0.117655124,0.048504398,0.01576985,0.118191369,0.217300863,0.179270376,0.156120123,0.266912642,0.206000234,0.130338617,0.204617686,0.182515107,0.162193513,0.197570097,0.23496097,0.149558855,0.148229092,0.101578862,0.113279472,0.136598843,0.132522082,0.16252289,0.107786244,0.145389107,0.136345341,0.187896373,0.156589149,0.212651222,0.227817806,0.13932448,0.1684352,0.160321861,0.091463083,0.125244685,0.121814618,0.043841922,0.105042374,0.128736967,0.127952457,0.108634708,0.076321148,0.078604714,0.111978661,0.104511354,0.136737999,0.127143395,0.213288564,0.247412637,0.244078985,0.176952492,0.155799053,0.195992834,0.201574859,0.205286743,0.165540285,0.178318966,0.152621481,0.178670795,0.197446487,0.171098121,0.159628104,0.126915054,0.097920795,0.145014607,0.12558321,0.205137601,0.141999971,0.142318487,0.146755019,0.068325029,0.152050881,0.1464895,0.120113768,0.093669109,0.131245932,0.097328501,0.113765923,0.153717626,0.096435056,0.121643703,0.11243401,0.114843588,0.079643261,0.099035024,0.125954917
d__Bacteria;p__Desulfobacterota;c__Syntrophobacteria,3.83088426,2.956988195,2.271140607,2.180831498,1.808335541,1.68059986,1.754677956,1.684365034,1.412047914,1.327701411,1.04065334,1.040046495,1.368775307,1.696800155,1.98330618,2.139420838,2.597790556,2.772297693,3.482765523,1.737424211,1.720444455,1.617383774,0.948783613,0.908559378,0.963621659,0.592945823,0.717299116,1.843861638,1.363464779,1.31871715,1.723894224,1.567843378,1.112424744,1.656297391,1.415963889,0.944953236,0.906878914,1.623640495,1.206441448,1.077511328,1.543999036,0.948311032,1.099979979,1.108366847,1.452332314,1.276416404,1.748130786,1.496700246,1.869203238,1.64418626,1.913860597,1.95743501,1.215922567,1.563079003,1.640740874,1.74457385,1.881881269,1.581799114,1.632268408,1.46741033,1.486326579,1.459202571,1.492851209,1.348340517,1.23895969,1.38006122,1.304807801,1.233821994,1.267997648,2.029473207,2.199910521,2.118480589,2.064445568,1.952256953,2.274802452,2.025197491,2.375460758,2.181065609,1.97380633,1.845084949,1.745701549,1.956036163,2.032645748,1.783914039,1.700662185,1.60916532,1.964002754,1.668072016,2.029944008,1.633068565,1.559315837,1.634204388,1.623402209,1.658737027,1.293990403,1.490160863,1.352691737,1.281210315,1.261914411,1.241083221,1.510038569,1.28476404,1.210502925,1.147402982,1.108240851,1.10969605,1.14073702,1.140591686
d__Bacteria;p__SAR324_clade(Marine_group_B);c__SAR324_clade(Marine_group_B),0.045317995,0.020698882,0.018791898,0.0133999,0.019001801,0.018300549,0.0199774,0.003400008,0.006010002,0,0.0117921,0,0.023548817,0,0.041442231,0.032868199,0.038850269,0.055213479,0.061498623,0.042376227,0.023170925,0.018172855,0.018129596,0.022877383,0,0,0,0.012782392,0.045448819,0.026599987,0.020068596,0.02652363,0.012124502,0.024885898,0.029437879,0.011753159,0.025910795,0.039160195,0.034897113,0.028505633,0.026120316,0.022655874,0,0.024094897,0.027663498,0.025528334,0.041539702,0.037185111,0.021961885,0.046396807,0.034912904,0.011990406,0.028498137,0.0168435,0.044344361,0.037262771,0.035325439,0.034036468,0.037097018,0.012732445,0.021456161,0.021779176,0.024530402,0.009539981,0.029944643,0.015132295,0,0.0413394,0.037799398,0.045243014,0.037799163,0.056325974,0.043462049,0.0540527,0.048194999,0.050393715,0.039800478,0.075509642,0.036893614,0.03815542,0.038077399,0.060550227,0.065017308,0.044807901,0.03490165,0.042432398,0.0472874,0.030030707,0.0428646,0.04939339,0.021657189,0.049747439,0.035528971,0.041468386,0.0348784,0.033782003,0.041324604,0.018749405,0.0302054,0.036198303,0.024594828,0.049772929,0.035603001,0.034595072,0.048808537,0.021200016,0.040347588,0.027990015
d__Bacteria;p__FCPU426;c__FCPU426,0.021148444,0.035483897,0.048322094,0.0200998,0.025335702,0.024400765,0.039954699,0.006810016,0.030043609,0.021613701,0.017688201,0.022680096,0.032379624,0.060841398,0.05328284,0.065736398,0.064750548,0.072649336,0.061498623,0.039551145,0.049238353,0.010903673,0.015107997,0,0,0,0.014264508,0.019173588,0.030299213,0.023251989,0.038130392,0.02652363,0.030311304,0.035946398,0.055932039,0.016454382,0,0.039160195,0.029911811,0.014252767,0.026120316,0,0,0.036142395,0.034579298,0.025528334,0.010384901,0.009300003,0.034162977,0.037697343,0.031739003,0.032973615,0,0.0269496,0.03411107,0.02032513,0.061016595,0.021496733,0.023607212,0.038197236,0.039011147,0.051725442,0.063078205,0.03498053,0.043045462,0.042370285,0.038004065,0.0413394,0.061853497,0.048474714,0.058416824,0.050067443,0.040357552,0.057232324,0.054620978,0.040944912,0.052369087,0.063892782,0.039968015,0.059958475,0.061509598,0.052652423,0.07870511,0.056009901,0.076149072,0.071808596,0.053592413,0.057331422,0.0979762,0.067915886,0.080440932,0.069646414,0.065592015,0.085701364,0.0662691,0.082578153,0.079894208,0.062498015,0.080547701,0.069810898,0.055338313,0.059105334,0.053404501,0.086487631,0.080390562,0.114155387,0.080695175,0.073473652
d__Bacteria;p__Acidobacteriota;c__Aminicenantia,0.114805642,0.07688166,0.061744992,0.0602995,0.047504404,0.027450773,0.036625199,0.047638614,0.018026105,0.067902517,0.029480301,0.022699996,0.032379624,0.047321143,0.082884462,0.083664498,0.069930583,0.075555245,0.074445728,0.048026391,0.049238353,0.010903673,0,0.019609171,0,0,0,0.054325166,0.045400019,0.026573687,0.030102893,0.032417837,0.012124502,0.013825499,0.055900339,0.028207541,0.038866242,0.054221793,0.039882315,0.039907786,0.023218014,0.016182782,0.010784109,0.027106796,0.034579298,0,0.076156204,0.083666425,0.046364069,0.028997979,0.050782405,0.047961622,0.031664641,0.057268,0.044344361,0.0575879,0.051382412,0.060907359,0.064076632,0.044563459,0.048763984,0.040835854,0.035043503,0.047700705,0.031816146,0.024211592,0.031670071,0.0254396,0.054980898,0.064632919,0.068725705,0.090747341,0.083819601,0.076309765,0.070685978,0.078740223,0.081698107,0.101647503,0.089159433,0.049099898,0.096657997,0.073713333,0.071861209,0.095216802,0.092013404,0.081599996,0.088269787,0.060061513,0.128593701,0.101873879,0.11137966,0.072133811,0.084723008,0.05805584,0.0871961,0.086331764,0.090914109,0.08124752,0.073835401,0.095666871,0.058401492,0.03421892,0.062305301,0.083604733,0.05167964,0.053095541,0.036679598,0.059478694
d__Archaea;p__Micrarchaeota;c__Micrarchaeia,1.117844752,0.863440564,0.657718015,0.475696,0.361033728,0.329409774,0.312978592,0.244998587,0.219318064,0.302592416,0.25353031,0.220321357,0.32673994,0.381949029,0.520987889,0.528879185,0.821036475,0.65965574,0.864217828,0.457662953,0.448937484,0.370726177,0.274965946,0.277796902,0.22312049,0.236547551,0.220080428,0.530469766,0.356015851,0.269058167,0.527804585,0.300601541,0.287957337,0.215678086,0.244334682,0.209206049,0.242914013,0.186763876,0.209382378,0.171033598,0.200255521,0.190956885,0.258818807,0.234925568,0.307756082,0.226918503,0.231930211,0.148740444,0.278184312,0.226184359,0.282476929,0.293765137,0.221652586,0.1179047,0.201255125,0.267614272,0.311505965,0.229298181,0.229327014,0.267380653,0.23016611,0.217791457,0.238295517,0.276664249,0.224584825,0.19974573,0.221690696,0.248036399,0.268031989,0.429808829,0.336756103,0.431832097,0.431515692,0.324316301,0.456245666,0.321259894,0.349825394,0.281708889,0.258254996,0.286165303,0.289973892,0.334342647,0.273757033,0.302453207,0.272867426,0.231745888,0.318401773,0.292117392,0.284743301,0.370450324,0.241322696,0.283560551,0.256902036,0.262633376,0.2162464,0.245857753,0.223152823,0.24374246,0.208081602,0.178405706,0.224427732,0.183537706,0.133511303,0.18738995,0.132070201,0.151322216,0.16139045,0.192431141
d__Bacteria;p__Patescibacteria;c__Saccharimonadia,0.012084825,0.079838644,0.150335581,0.1808985,0.237522219,0.234856923,0.249716994,0.23800057,0.183265754,0.13894545,0.132661205,0.058320389,0.050041237,0.020280433,0.032561724,0.047808299,0,0.017435857,0.012947105,0.0310759,0.037652841,0.047199883,0.036259293,0.058827612,0.016168099,0.04100157,0.036680021,0.022369186,0.030299213,0,0,0.011788313,0.024249003,0.080187995,0.117751714,0.096375783,0.100404492,0.135554383,0.069794126,0.051310039,0.04933833,0.003239996,0.032352326,0.024094897,0.034579298,0.019855327,0.055386303,0.03408631,0.031722779,0.043497019,0.038086804,0.029976014,0.028498137,0.0370558,0.047755459,0.023712618,0.044959623,0.044784785,0.050586825,0.031831013,0.027307823,0.02722397,0.028034802,0.047700705,0.016843824,0.030264489,0.031670071,0.0572392,0.051544598,0.019389906,0.034362902,0.009389746,0.037253156,0.047693553,0.032129999,0.056692917,0.031421472,0.037754821,0.039968015,0.013626872,0.0117161,0.015795707,0.017109802,0.011202,0.015864432,0.026112199,0.022067447,0.021840532,0.024494,0.024696695,0.021657189,0.014924282,0.016397979,0.019351947,0.0139514,0.007510023,0.016529802,0,0.0134246,0,0,0.006220004,0,0.008649993,0.011484409,0,0,0.034987444
d__Archaea;p__Halobacterota;c__Methanomicrobia,1.114823546,1.055644765,0.826845493,0.753743599,0.582721145,0.558166581,0.436172289,0.55124672,0.447649231,0.503291454,0.445152017,0.320762037,0.456258436,0.618554642,0.79036229,0.887441374,1.041188197,1.049056103,1.340023209,0.872949678,0.912356884,0.581531253,0.368635627,0.369306532,0.174615992,0.296472962,0.279176062,0.639120197,0.623658865,0.411891497,0.577976174,0.501002568,0.348579945,0.506014067,0.556376675,0.354945179,0.421050889,0.566316129,0.446183966,0.478893935,0.36278172,0.216999756,0.31273945,0.307210358,0.383830677,0.331868243,0.391165919,0.316073394,0.344070068,0.229084147,0.28882473,0.305755542,0.300814188,0.377294901,0.429799027,0.460703002,0.513824218,0.669980549,0.654256324,0.61433879,0.5871185,0.563535371,0.585225743,0.629649547,0.632580614,0.671871966,0.592230706,0.699589797,0.780041868,1.011505002,0.797218474,0.929377714,0.909597828,0.909357432,0.954260352,0.781102628,0.693366434,0.714436963,0.679456651,0.874848274,0.820128276,0.829275066,0.722034088,0.876554319,0.790046402,0.659333467,0.781818154,0.753498958,0.930773704,0.864384123,0.822972297,0.783522635,0.860895141,0.669023956,0.659202701,0.791999825,0.834756784,0.734352281,0.708148706,0.568829814,0.538011742,0.609718551,0.560747712,0.504511396,0.582831348,0.544228917,0.476835371,0.640270781
d__Bacteria;p__Spirochaetota;c__MVP-15,0.087614884,0.186290235,0.225503371,0.2143982,0.177349914,0.5276656,1.488313163,1.180756828,0.627910684,0.410661121,0.389139515,0.285121744,0.223713765,0.294066922,0.364099472,0.268921592,0.183891471,0.20051205,0.165075363,0.104527927,0.095580203,0.101999746,0.063453687,0.104582377,0.090541596,0.119850721,0.13856918,0.118237226,0.174220474,0.348779128,0.210720454,0.120830037,0.081840511,0.121664592,0.158964764,0.072869565,0.07125481,0.15965298,0.152051456,0.085516799,0.121894674,0.058258034,0.111435856,0.096379687,0.082990395,0.053893172,0.076156204,0.089864027,0.095168336,0.072494998,0.079347408,0.035971217,0.047496961,0.0471619,0.03411107,0.037262771,0.025691256,0.012539736,0,0,0.009749937,0.032668764,0,0.012720175,0.009360014,0.018158694,0.025336077,0.0349795,0.048108298,0.10018103,0.085907206,0.075101265,0.077610709,0.073130141,0.073898918,0.03464571,0.064937595,0.043563201,0.058414822,0.054507686,0.076154798,0.06844813,0.07870511,0.103618202,0.149125259,0.179521491,0.154472127,0.202025072,0.220446401,0.126570574,0.207290056,0.223863624,0.259635049,0.309630946,0.425517101,0.328436006,0.253457526,0.306240475,0.315478603,0.328369932,0.408888944,0.469732071,0.551846912,0.475682119,0.278495714,0.32653735,0.348456629,0.39185971
d__Bacteria;p__Elusimicrobiota;c__Endomicrobia,0,0.026612848,0.088590589,0.231148,0.316696225,0.567316806,0.922288077,1.13992383,1.255821268,1.062161169,0.754694729,0.563763489,0.362063166,0.246745879,0.177609532,0.149400896,0.080290655,0.113332968,0.090629634,0.042376227,0.066616572,0.092681569,0.117842577,0.114387013,0.025868999,0.129312691,0.132455777,0.118237226,0.204519687,0.166085318,0.148507768,0.12377714,0.127307416,0.121664592,0.129526886,0.122232713,0.087449045,0.08133269,0.097213236,0.079815672,0.043533826,0.042075253,0.046731204,0.078308489,0.051868997,0.034037745,0.048463002,0.046481414,0.024402084,0.034797555,0.044434605,0.035971217,0.037997549,0.0134748,0,0.013550053,0,0.021496733,0.016862308,0.041380347,0.011703324,0.019056779,0.024530402,0.028620443,0.024330035,0.006049998,0.028503124,0.00636,0.027490499,0.03231641,0.020617761,0.018775291,0,0.003180124,0.057833918,0.015748005,0.012568609,0.01161686,0.003070001,0.021803054,0.020503199,0.007900003,0.010265901,0.016803,0.003169986,0.029376199,0.006300013,0.027300715,0,0.018522496,0,0.027399966,0.013664966,0.013822762,0,0,0,0.024999206,0.00336,0,0,0,0,0.014414588,0,0,0.00366999,0.010496193
d__Bacteria;p__Campilobacterota;c__Campylobacteria,0.069487646,0.065053728,0.056375793,0.0167499,0.015834801,0,0,0,0,0.012350758,0,0.025920195,0,0,0.038482029,0.050796299,0.025900179,0.05230747,0.061498623,0.019775573,0,0.0399803,0.078561685,0.156873566,0.135812394,0.170314261,0.191551511,0.146997607,0.080797934,0.707523351,0.078267583,0.050100257,0.087902811,0.038711497,0.032381696,0.051713859,0.029149682,0.066270992,0.05483822,0.031356146,0.043533826,0.051784942,0.035947095,0.036142395,0.048411097,0.014182419,0,0.012395004,0,0.020298616,0.012695601,0.023980811,0,0,0,0.016937641,0,0.016122574,0,0.066845138,0.039011147,0.029946367,0.021026102,0.063600973,0.037430854,0.066581877,0.057006148,0.0922187,0.123707095,0.061401218,0.058416824,0.053196658,0.096237287,0.066770994,0.096389897,0.075590622,0.119401433,0.107455983,0.119904144,0.065409263,0.061509598,0.06844813,0.075283209,0.084014802,0.142779486,0.101184795,0.0472874,0.049141247,0.0642969,0.043219191,0.058783743,0.059696927,0.049194037,0.074643194,0.0558055,0.069440713,0.068874307,0.056248214,0.070479301,0.067225391,0.070710106,0.080881047,0.056371501,0.080721835,0.103359279,0.092917171,0.146718591,0.125954917
d__Bacteria;p__Bacteroidota;c__SJA-28,0.371607882,0.322311757,0.246999968,0.2110482,0.177349914,0.17690527,0.119864197,0.139513034,0.153222245,0.095718048,0.097284904,0.061560388,0.06770005,0.145343416,0.177609532,0.170316995,0.194251543,0.197606141,0.258941698,0.180805136,0.118751228,0.130844574,0.066499987,0.084973207,0.087307996,0.03784758,0.077435745,0.140606411,0.138871459,0.139511631,0.164562664,0.124000141,0.087902811,0.163141189,0.132470604,0.110000551,0.077732484,0.141579082,0.167007362,0.091217926,0.203157823,0.135935347,0.125814734,0.150593279,0.152149091,0.133314578,0.180005509,0.210715563,0.229380045,0.26678159,0.336433235,0.269784325,0.17098912,0.303183401,0.272888263,0.298101966,0.327562938,0.295579698,0.290031144,0.245098874,0.269177258,0.283128884,0.266330219,0.174902652,0.192768679,0.14224315,0.224857643,0.181257399,0.23366889,0.242373372,0.226794875,0.253466631,0.167639203,0.197007655,0.224909893,0.223622065,0.261845333,0.229432967,0.187542369,0.166248453,0.251896493,0.218507396,0.188207923,0.201635504,0.187199795,0.120768994,0.201759527,0.215999329,0.186767101,0.135831772,0.176000727,0.208999743,0.122984992,0.146521796,0.1778801,0.174540234,0.192848119,0.16249494,0.140958501,0.149964225,0.156792005,0.15554039,0.139445203,0.239282509,0.132000101,0.138048306,0.16505844,0.147006907
d__Bacteria;p__Nitrospirota;c__Thermodesulfovibrionia,0.939593877,0.742204057,0.676510013,0.566145199,0.665062152,0.622218451,0.546047786,0.721384628,0.591858373,0.580483416,0.392087515,0.327242036,0.303191123,0.310967365,0.432183122,0.35856219,0.424763336,0.525981006,0.750930885,0.333359453,0.373631903,0.288948381,0.166188167,0.176482737,0.139046094,0.094619001,0.097813557,0.217300863,0.219669293,0.229197687,0.180617561,0.191559817,0.184898924,0.409235373,0.241390964,0.242114913,0.204047771,0.283158064,0.204397076,0.176734625,0.206060025,0.14240844,0.165356499,0.135533981,0.221307787,0.232591411,0.283854914,0.316073394,0.405075327,0.411771487,0.58399726,0.683453518,0.48130262,0.825332702,0.518487749,0.670997673,0.700085498,0.714765433,0.839741416,0.818002915,0.871900256,0.830329873,0.946173369,0.760031588,0.709313825,0.626475182,0.706243101,0.737749196,0.666643773,0.646329093,0.697566127,0.757270778,0.599154894,0.705864926,0.748628498,0.71811041,0.754114526,0.772521264,0.716350265,0.618662209,0.629741382,0.581808857,0.602265373,0.546096112,0.536216194,0.424323479,0.457111367,0.524173171,0.370472401,0.435279111,0.321763628,0.320871205,0.325227064,0.246046022,0.296466801,0.31342176,0.289272129,0.228117956,0.258423902,0.299928451,0.310509631,0.286194365,0.204717404,0.247999802,0.206718459,0.188489044,0.216409897,0.178436083
d__Bacteria;p__TA06;c__TA06,0.114805642,0.079838644,0.064429492,0.0636495,0.044337503,0.057951754,0.039954699,0.05444413,0.060087118,0.080279576,0.032428301,0.05184029,0.047097635,0.077741841,0.065123449,0.065736398,0.090700627,0.081367264,0.055025121,0.070627045,0.060823766,0.01999015,0.036259293,0.019609171,0.019401799,0.01261586,0.020377812,0.051129568,0.053023623,0.033217084,0.032109793,0.04420615,0.015155602,0.058067196,0.038269332,0.042311312,0.006479974,0.060246392,0.067301525,0.045608913,0.034827021,0.025892471,0.035947095,0.030118696,0.072616596,0.017018923,0.048463002,0.046481414,0.046364069,0.01449904,0.031739003,0.017985608,0.022165229,0.0235809,0.027288876,0.040650259,0.019268367,0.007169677,0.010117405,0.012732445,0,0,0,0.006359987,0.009360014,0.012105796,0.009500141,0.0158998,0.017181499,0.025853208,0.044671683,0.009389746,0.021730974,0.019077441,0.038555979,0.009450003,0,0,0.015372306,0.010901577,0,0,0,0.030805401,0,0,0.00946002,0.013650358,0,0.012348297,0.012375551,0.024873769,0.010931953,0.016587354,0,0.007510023,0.035814604,0,0.0134246,0.012927937,0,0.012443207,0.044503801,0.005769995,0,0.018583414,0,0
d__Bacteria;p__Modulibacteria;c__Moduliflexia,0.407862258,0.383997805,0.354362354,0.4991458,0.468710437,0.564001497,0.80242388,1.000410696,1.006459695,1.290047816,1.025913239,1.075686688,0.827152409,0.729997571,0.822924114,0.905369474,0.603004168,0.650937812,1.019582887,0.723220442,0.669000721,0.57062758,0.359570829,0.333356303,0.274858488,0.201853861,0.183400306,0.293995315,0.290367523,0.298953553,0.278953739,0.221030551,0.284926237,0.323517179,0.344002087,0.21155666,0.1230764,0.243997969,0.169500063,0.148229092,0.153819493,0.110042876,0.07548886,0.084332288,0.16598079,0.144660493,0.183467209,0.145641643,0.148853,0.124691381,0.177738318,0.212829799,0.148823892,0.316658201,0.249010584,0.250676631,0.266546342,0.42598083,0.478888637,0.404254041,0.417419798,0.392024562,0.441547532,0.391145922,0.351849608,0.348041779,0.488007256,0.438833598,0.553245577,0.552611365,0.44671723,0.456865819,0.54327516,0.540527202,0.507653605,0.522834753,0.760398781,0.528567197,0.534956898,0.430610701,0.477431786,0.471238808,0.547513967,0.557298112,0.542997665,0.548356573,0.54853366,0.48595229,0.544992502,0.527891692,0.563086324,0.420366083,0.535668077,0.588851677,0.589445801,0.604001849,0.573034358,0.60935615,0.644381806,0.615001745,0.633316676,0.706153607,0.753597416,0.634242893,0.654608603,0.554848025,0.737260945,0.594787044
d__Bacteria;p__MBNT15;c__MBNT15,0.069487646,0.053225796,0.051006693,0.0334997,0.038003503,0.036601097,0.033295599,0.030624773,0.030043609,0.015438372,0,0,0.035323226,0.030420699,0.035521926,0.038844199,0.041440286,0.037777623,0.058261922,0.022600654,0.028963731,0,0,0,0,0.02207773,0,0,0.02272441,0.01993019,0.010034298,0.032400037,0,0.016590599,0.020606525,0.035259477,0.025910795,0.033135496,0.032404412,0,0.029022518,0,0.039541765,0,0.024205499,0,0.041539702,0.021691306,0.056124862,0,0,0.04196642,0,0.0505306,0,0.044037747,0.02890265,0.016122574,0.037097018,0.019098568,0.009749937,0.019056779,0,0,0,0.015132295,0.015835035,0,0,0.029084809,0.044671683,0,0.024835471,0.019077441,0.041769019,0.028346508,0.020947615,0.026137961,0.02767021,0.024528449,0.032219299,0,0.030797704,0,0.028555877,0.032640298,0,0.016380449,0.0183705,0.04939339,0.024751002,0.014924282,0,0.019399947,0,0,0,0,0,0.015513544,0,0,0.0207684,0,0,0,0,0
d__Bacteria;p__Thermotogota;c__Thermotogae,0.114805642,0.094623659,0.099328887,0.0870993,0.088674907,0.085402527,0.059932099,0.085068904,0.090130726,0.077191961,0.097284904,0.05184029,0.061800045,0.040560965,0.115446186,0.095616597,0.09842078,0.116238877,0.13270765,0.118653336,0.107165716,0.079960501,0.04834569,0.058827612,0.019401799,0.04730955,0.016302209,0.102259236,0.073223131,0.043182179,0.072246984,0.055994363,0.054560307,0.074657795,0.117751714,0.096375783,0.093926718,0.129529784,0.092227934,0.062712293,0.072556344,0.038838656,0.035947095,0.045177994,0.065700796,0.093603825,0.093464405,0.077468923,0.100048732,0.121791593,0.114260312,0.116906554,0.079161602,0.1347482,0.09209982,0.105013236,0.128456079,0.114994825,0.104546152,0.111408597,0.076071808,0.098006191,0.091113007,0.12084186,0.119778573,0.081714172,0.129847431,0.120838199,0.123707095,0.109875933,0.092779726,0.134556354,0.133490443,0.15261943,0.125306956,0.122834636,0.108927676,0.081318023,0.098382836,0.122642244,0.131806296,0.081611236,0.099236912,0.086815302,0.085667732,0.107712895,0.110337233,0.098282495,0.0949144,0.108047978,0.102098021,0.074621208,0.073791055,0.096759633,0.090684,0.08820847,0.107443911,0.106246726,0.097328501,0.108594808,0.12604852,0.096435056,0.100875202,0.126848599,0.114843588,0.098226675,0.128378742,0.083969945
