day,G_real,removal,Eq1,Eq2,Eq3,Eq4,Eq5,Eq6,Eq7,Eq8,Eq9,Formate,Acetate,Propionate,Butyrate,H2,CO2,CH4,log_H2,log_CO2,log_CH4
3,-883.994725,96.15,-716.7471177,-723.2577062,-770.3980016,-29.71081432,-23.92356099,-5.367621559,-12.76868611,-7.977052658,-20.74573877,1.363825717,13.22477205,20.19944125,3.49657252,1.01325,34392.89809,60357.39975,0.005716612,4.536468773,4.780730522
4,-882.5170297,95.7,-716.5630925,-722.8031002,-772.9491647,-30.7484015,-24.61092261,-6.008007835,-12.46543589,-7.916810871,-20.38224676,0,11.12934445,21.70244387,3.731486062,1.01325,37247.00902,60190.43626,0.005716612,4.571091404,4.779527491
5,-881.6675167,96.24,-717.5793529,-720.3802049,-770.0200244,-29.40593292,-25.01623261,-7.415250371,-13.21128193,-7.817025518,-21.02830745,1.565259157,13.65125358,29.85459048,3.311996984,1.01325,38045.35152,59871.8065,0.005716612,4.580301601,4.777222362
6,-881.3268355,97.56,-714.967689,-720.6373071,-769.1116649,-30.21620511,-24.76608445,-5.965271731,-13.35069206,-7.816215972,-21.16690803,1.084502981,14.51793325,28.88306577,5.147501944,1.01325,38149.61793,60100.63536,0.005716612,4.581490193,4.778879063
7,-883.3382192,95.75,-717.3556868,-723.7247352,-768.7827918,-29.02217933,-23.70717428,-5.067032294,-13.32513694,-7.847984114,-21.17312105,1.80399754,14.83414999,19.75716733,3.358055448,1.01325,37956.01749,60287.14099,0.005716612,4.579280638,4.780224689
8,-882.7183274,96.15,-717.8293799,-722.3875013,-768.5944179,-28.5218314,-23.73808822,-6.054193566,-12.90015148,-8.042875982,-20.94302746,1.733077882,14.91161305,21.9159566,2.793130278,1.01325,37039.91267,60869.16658,0.005716612,4.568669954,4.784397355
9,-883.8795868,95.02,-718.6628275,-724.1249965,-769.9847492,-28.57937977,-23.3555672,-5.600753104,-12.53100154,-8.109144165,-20.6401457,1.746569641,13.52907854,17.52544651,2.351756596,1.01325,36912.34692,60743.818,0.005716612,4.567171659,4.783502086
10,-881.5578687,95.84,-717.9246628,-720.5007477,-767.3645013,-28.00039492,-24.02010096,-7.030181107,-13.0096259,-8.127018385,-21.13664429,0,16.19483075,27.12069408,2.679683976,1.01325,38259.82816,60058.65161,0.005716612,4.582743015,4.778575578
11,-880.3687193,96.06,-716.4858026,-719.8399672,-764.1238847,-27.50703467,-23.66995163,-6.243218424,-13.58965016,-8.102545425,-21.69219559,0,20.21473039,29.40571202,3.441878094,1.01325,37877.92583,60451.69474,0.005716612,4.578386189,4.781408481
12,-880.5062963,95.16,-737.9875316,-718.8522426,-764.5811512,-18.33609323,-24.07796882,-16.27254453,-13.54729987,-8.130786866,-21.67808674,1.684615606,19.60290138,33.25076715,0,1.01325,39000.79577,59367.28133,0.005716612,4.591073468,4.773547161
13,-882.3207246,96.92,-718.0559776,-722.7936262,-767.9184088,-28.21721055,-23.54046846,-5.787941085,-13.07578528,-8.082808247,-21.15859353,1.0836895,15.62747738,21.02946323,2.722821076,1.01325,39049.02446,59269.54317,0.005716612,4.591610189,4.77283158
14,-873.9023389,90.45,-709.5644573,-715.8975212,-751.0403137,-26.09627391,-22.79057181,-3.358283979,-16.12658573,-8.025616567,-24.15220229,1.03960045,49.64317956,48.66701399,11.92369116,1.01325,38893.26453,59312.83579,0.005716612,4.589874397,4.773148688
15,-869.1368827,87.96,-706.8782709,-715.3760564,-747.1230977,-25.97621368,-22.37983734,-1.826535211,-16.9569258,-8.045440793,-25.00236659,1.544621404,65.03736046,52.75800725,19.52336335,1.01325,40180.66647,57223.01097,0.005716612,4.604017136,4.757570706
16,-875.5989877,85.16,-693.6358747,-707.2971374,-743.8581703,-2.08214017,18.50318989,-0.418761071,39.50728103,-62.64572179,-23.13844076,1.697643538,31.94640359,26.83364396,17.86828251,216.0608185,40008.03124,57538.29272,2.334576017,4.602147181,4.759956971
17,-848.8235937,83.76,-682.7082788,-696.5236141,-722.6188466,4.828369348,25.32915796,1.468366261,44.36158031,-70.78787066,-26.42629035,1.869677482,118.6321732,75.26956306,79.53380909,477.3735496,39812.1,57259.60171,2.678858352,4.600015086,4.757848323
18,-855.0730002,83.71,-682.7313104,-697.7772391,-724.6874113,7.125244304,29.86048858,1.861678201,50.73405466,-76.66169466,-25.92764,1.680247477,93.33365206,55.57226745,64.31298158,856.9206327,39642.70983,56906.55185,2.9329406,4.598163334,4.755162271
19,-843.9390878,78.78,-679.793676,-695.8228857,-720.4201403,9.820889854,33.74073405,2.691438216,54.96914003,-81.48415748,-26.51501745,2.256580558,115.1608119,60.61015065,85.90619234,1363.366358,40402.48239,55261.63726,3.134612573,4.60640805,4.742423748
20,-877.4428533,92.81,-706.9880853,-720.7176434,-757.449415,-29.36855762,-22.32250837,-0.418761071,-14.85769804,-8.03872422,-22.89642226,1.697643538,31.94640359,26.83364396,17.86828251,1.01325,37602.20333,60747.53587,0.005716612,4.575213293,4.783528666
21,-879.5098981,94.84,-715.1020145,-719.5715505,-762.2080108,-27.45839211,-23.44260023,-5.471760028,-13.95504831,-8.116536748,-22.07158506,0,23.05128623,30.48863505,4.387955846,1.01325,38299.40252,59756.65256,0.005716612,4.583191999,4.776386261
22,-877.5265215,94.21,-714.967403,-717.8146029,-757.6376106,-26.02120518,-23.32345733,-5.687827458,-14.93788202,-8.057531459,-22.99541348,1.849661563,31.59934344,38.49624117,4.686755006,1.01325,38413.44645,59031.36631,0.005716612,4.584483274,4.771082835
23,-867.8577902,89.46,-709.1204805,-715.3900534,-744.7014837,-24.08795822,-21.84780533,-2.371738779,-17.23591366,-8.097586979,-25.33350063,1.727053228,76.56963192,51.75939879,12.87855863,1.01325,40046.67543,57583.40022,0.005716612,4.602566468,4.760297306
24,-851.5659041,83.44,-687.3891263,-699.4952146,-723.1713336,3.228377335,20.97301281,1.145930734,37.57171755,-64.19376538,-26.62204782,0,127.8678089,63.53619314,46.32317082,246.8003737,40817.82312,55872.84423,2.392345813,4.610849839,4.74720078
25,-844.8072693,82.62,-684.2187445,-697.7552631,-721.2165632,4.457013593,23.6741369,1.805216759,41.08604345,-67.96314158,-26.87709812,1.906477822,137.21284,71.41807404,70.6658122,361.6799659,40627.52194,56362.09994,2.558324453,4.608820334,4.750987166
26,-845.9297434,82.26,-684.7677355,-697.8735509,-721.2151456,4.517240176,23.44194673,1.638772844,40.72788044,-67.64263448,-26.91475405,0,138.0349934,70.93902289,64.92155637,348.697391,41458.15622,55548.26363,2.542448698,4.617609984,4.744670488
27,-844.4015926,80.77,-684.8999228,-697.1771421,-720.6001423,4.465081555,22.85163495,1.264356144,39.9738322,-67.0246632,-27.05083099,0.999802564,145.493461,78.60536875,65.28416427,328.3508845,41545.71292,55591.49346,2.516338191,4.618526216,4.745008341
28,-842.4971545,80.77,-684.6538759,-695.8924383,-719.9285368,5.79460995,24.38179426,0.706140426,42.26283815,-69.31492733,-27.05208918,1.883475061,146.9224717,85.11307826,61.11647976,409.9082816,41436.20025,55403.88951,2.612686693,4.617379923,4.743540254
29,-839.6440839,77.87,-684.9595619,-694.1087034,-719.8101489,4.891810673,22.24418065,-0.491928987,40.08847961,-67.24456761,-27.15608801,2.311342726,152.9289691,111.6591218,62.83483974,333.2674243,42110.44424,55080.18213,2.522792865,4.624389823,4.740995368
30,-871.2095253,89.82,-707.668311,-713.6769893,-747.0881703,-25.44423069,-22.62636243,-3.198171315,-16.61032285,-8.13133616,-24.74165901,1.331933788,64.82421677,61.90833567,15.72890444,1.01325,39066.03706,59122.79309,0.005716612,4.591799358,4.771754943
31,-865.9876451,89.37,-707.3697441,-713.4208367,-744.064328,-24.47116709,-22.10178023,-2.698393,-17.03400036,-8.233490091,-25.26749045,0,79.57144566,63.04462408,16.16688695,1.01325,39843.7369,57899.84389,0.005716612,4.600360064,4.762677393
32,-854.407744,83.8,-689.0582873,-697.5161516,-723.739801,3.869904973,20.44212531,-0.883302351,37.89764799,-64.40925079,-26.5116028,1.217543856,122.5363889,80.52821203,34.97379127,253.8362673,40621.43673,56676.89468,2.404553673,4.60875528,4.753406047
33,-871.257611,90.45,-707.1721076,-715.7712057,-745.8214277,-25.37753343,-22.0059416,-1.487387292,-17.14696248,-7.949396194,-25.09635868,0,71.04682911,50.10140276,18.40862381,1.01325,38702.39618,59832.57032,0.005716612,4.587737854,4.77693766
34,-872.5864718,91.49,-706.7633822,-713.4977212,-744.3480732,-17.50625943,-11.13687169,-2.437305116,-2.330178836,-22.44574191,-24.77592074,1.309738392,61.39387878,42.6732556,10.63671927,4.187258166,39335.51664,58578.174,0.621929738,4.594784859,4.76773583
35,-869.9162441,89.68,-701.8337212,-709.3477259,-738.205955,-9.053245868,1.358213978,-1.75186387,13.5215377,-38.69032522,-25.16878752,1.214394929,70.8071638,42.94326532,12.23048563,20.49409034,40335.84219,57299.11444,1.311628646,4.605691129,4.75814791
36,-863.6311415,88.55,-706.8003524,-713.0130202,-741.0681323,-23.51189525,-21.45780314,-2.177989986,-17.22572105,-8.586043674,-25.81176472,1.587048832,97.13319939,65.59665665,17.59866282,1.045650333,39819.5852,57118.40616,0.01938648,4.600096732,4.75677608
37,-856.3573296,86.56,-694.9378104,-701.6374238,-728.6711075,-1.988784196,10.78915722,-1.788634809,25.35573345,-51.58243825,-26.2267048,1.584678727,108.9445219,72.36010018,22.25125105,72.01617453,40750.13906,56582.29841,1.857430048,4.610129095,4.752680585
38,-846.5227597,83.21,-691.6816485,-698.0615383,-723.9587645,-0.599734814,12.26892633,-1.730000258,26.86758774,-53.89500526,-27.02741752,0,144.7057469,104.905423,36.02994123,90.64409441,41454.28968,56032.60637,1.957339514,4.617569478,4.748440824
39,-850.939298,82.76,-694.3792329,-697.8653076,-725.6825968,-0.990313929,10.46363494,-3.322104803,25.23968861,-52.00532592,-26.76563732,0,132.7496613,112.9513593,24.35292473,75.2290318,41237.10781,56418.94243,1.876385472,4.615288198,4.751424941
40,-849.3622314,83.44,-706.3197055,-708.9165706,-738.2313816,-23.03451546,-22.66170951,-3.96915623,-18.31974732,-8.156885571,-26.47663289,1.40739997,119.0775203,111.7136477,20.58596252,1.01325,41019.25423,56697.18841,0.005716612,4.61298776,4.753561523
41,-850.0361505,82.17,-707.8545716,-707.2698775,-738.0765385,-22.35969245,-23.20550054,-5.611895013,-18.43941362,-8.137019344,-26.57643296,1.351664275,120.526418,137.5894582,16.17968287,1.01325,41412.00689,56152.28594,0.005716612,4.617126278,4.749367441
42,-851.4760063,83.26,-709.6658203,-707.6928609,-739.1084198,-21.97963636,-23.32901626,-6.321383882,-18.35701227,-8.074002109,-26.43101438,1.761814768,112.502319,132.3658116,12.13643821,1.01325,41066.73598,56517.87744,0.005716612,4.613490186,4.752185843
43,-852.6612895,85.48,-712.0411891,-707.3366942,-741.9122451,-21.87314567,-23.85158873,-8.058571821,-17.77145997,-8.104863458,-25.87632343,1.291558412,92.73147112,136.4837521,7.913606552,1.01325,40496.46578,56875.84626,0.005716612,4.607417123,4.754927872
44,-848.638012,84.07,-713.0621566,-706.7896641,-740.8270949,-21.13121744,-23.94847578,-8.646723851,-18.11901028,-8.053944521,-26.1729548,2.317744558,100.1252807,148.5806448,6.890539754,1.01325,41382.44225,56315.58765,0.005716612,4.616816118,4.75062862
45,-852.2343291,84.84,-715.2021407,-707.0707606,-743.6171106,-21.16223791,-24.33465693,-9.891269602,-17.61580636,-8.046892776,-25.66269914,0,82.7224794,143.353841,4.758917822,1.01325,40918.51506,56663.484,0.005716612,4.611919865,4.753303274
46,-852.1691374,84.66,-716.0778327,-706.3551394,-745.5260574,-21.44099922,-24.87771862,-11.03959153,-17.2748465,-8.055633267,-25.33047976,0,72.58599482,155.9912993,4.090830918,1.01325,40984.35825,56564.62355,0.005716612,4.612618139,4.752544901
47,-854.7969899,84.52,-717.5598243,-707.2812103,-748.378648,-21.77857464,-25.07654492,-11.61634306,-16.75817215,-8.073511413,-24.83168356,0,59.70643002,139.2774563,3.159795628,1.01325,41288.85223,56386.58002,0.005716612,4.61583281,4.751175754
48,-856.8530329,85.11,-717.8999355,-707.3893233,-750.1410675,-22.21309516,-25.30421796,-12.00491734,-16.39042343,-8.110552463,-24.50097589,0,52.88336714,136.4640408,2.937302154,1.01325,41379.82516,56216.26625,0.005716612,4.616788651,4.749861997
49,-861.0318094,86.56,-738.4327029,-707.8101887,-754.3940043,-14.7650874,-25.91576969,-21.41566974,-15.65078224,-8.090598264,-23.7413805,1.414622419,39.53980902,129.7565908,0,1.01325,40862.40096,56658.89835,0.005716612,4.611323881,4.753268126
50,-859.8149551,87.01,-738.5846748,-707.4233328,-755.2429761,-15.05094268,-26.26610896,-21.86486925,-15.61640599,-8.024960033,-23.64136602,0,37.38016229,137.8061111,0,1.01325,40798.7891,56912.50227,0.005716612,4.610647273,4.755207681
51,-871.9922993,93.67,-738.2700051,-712.6655892,-768.2645105,-19.59971676,-26.75935197,-20.80173233,-13.11725485,-7.969305991,-21.08656084,1.137967453,15.29404944,71.51599022,0,1.01325,35480.44549,60798.23811,0.005716612,4.549989064,4.783890994
52,-872.6421052,92.26,-738.2908656,-713.4140394,-765.6153464,-18.67697267,-26.08249976,-19.89449958,-13.59352727,-8.108569939,-21.70209721,1.354946743,18.33339187,65.5178288,0,1.01325,39962.27407,57391.46113,0.005716612,4.601650194,4.758847282
53,-869.7289414,92.08,-738.4338869,-711.191621,-762.2825628,-17.50886027,-26.25922321,-20.72984459,-14.27974155,-8.052102621,-22.33184418,0,23.05843576,86.59718882,0,1.01325,40390.65735,57513.13561,0.005716612,4.606280921,4.759767046
54,-867.4146065,90.9,-738.4338869,-710.3720772,-760.0401301,-16.72888371,-26.11866132,-20.8387091,-14.66972984,-8.076900955,-22.74663079,0,26.87827525,95.52134154,0,1.01325,40297.23771,56955.28592,0.005716612,4.605275277,4.755534036
55,-863.687397,90.95,-738.4957305,-709.23417,-757.6752581,-15.9024783,-26.08826978,-21.14695471,-15.12710655,-8.041759834,-23.16886638,0,31.62115498,110.0689973,0,1.01325,39899.7741,57248.26633,0.005716612,4.600970437,4.757762339
56,-863.5997982,90.77,-738.1030229,-708.6572393,-756.4064245,-15.48553667,-25.82366468,-21.10672074,-15.05507195,-8.069344424,-23.12441637,1.975878574,34.32206395,113.77121,0,1.01325,37828.82202,59840.39992,0.005716612,4.577822818,4.776994487
57,-858.4374428,89,-717.1597477,-708.7689607,-751.0148182,-22.71344077,-24.84820222,-10.99527393,-15.98768975,-8.092310645,-24.0800004,3.381192832,49.61439575,112.1897037,3.151638018,1.01325,38401.898,59359.12636,0.005716612,4.58435269,4.7734875
58,-865.773107,89.91,-738.2815867,-709.2375134,-758.5140895,-16.20754659,-26.11342821,-21.1976973,-14.82161254,-8.279936002,-23.10154854,0,29.77757305,107.8856585,0,1.01325,44235.90607,53723.11952,0.005716612,4.645774927,4.730161223
59,-863.4778813,89.68,-738.1791661,-707.5003541,-754.8034096,-14.92323686,-25.93953946,-21.56523225,-15.39060982,-8.210762077,-23.6013719,1.172645912,38.32645747,131.5745465,0,1.01325,41924.59251,56003.21115,0.005716612,4.62246885,4.74821293
60,-863.3593602,89.95,-738.1860248,-708.2960102,-754.7474958,-14.90336257,-25.69149317,-21.07417777,-15.40544601,-8.180063982,-23.58550999,2.059494859,38.47777928,119.6984024,0,1.01325,41098.98214,56628.47753,0.005716612,4.613831066,4.753034886
61,-866.2567431,91.58,-738.4256027,-709.8894697,-756.8309143,-15.61314928,-25.70278643,-20.57074386,-15.22167973,-8.076187057,-23.29786678,1.963742617,33.46573295,101.1150644,0,1.01325,40789.29768,57037.5592,0.005716612,4.610546228,4.756160933
62,-865.327035,90.27,-738.5484824,-709.9719444,-755.9092461,-15.28493674,-25.58608581,-20.41367767,-15.47355722,-8.042954389,-23.51651161,0,35.69786254,101.2625999,0,1.01325,40932.29927,56799.23728,0.005716612,4.612066141,4.754342504
63,-866.2012605,90.27,-738.3714017,-709.6834516,-755.9639337,-15.31495732,-25.58440963,-20.52180125,-15.3320607,-8.087621234,-23.41968193,1.932742663,35.49252678,103.130559,0,1.01325,40651.64636,57215.46387,0.005716612,4.609078139,4.757513423
64,-862.8158862,88.91,-738.4149656,-708.6633715,-753.3072131,-14.38817476,-25.45718296,-20.69962207,-15.8265691,-8.106728852,-23.93329795,1.957121614,42.57554714,116.9797886,0,1.01325,41285.41093,56441.16885,0.005716612,4.615796612,4.751595999
65,-864.4937703,89.68,-738.4481109,-709.4749265,-753.5172578,-14.45917507,-25.26524592,-20.25657259,-15.81474417,-8.126426715,-23.94117089,1.937126083,41.98785096,106.48198,0,1.01325,42156.66568,55745.90585,0.005716612,4.624866254,4.746212977
66,-861.2609079,87.51,-738.4587976,-708.0158135,-749.7123339,-13.13505951,-25.05357183,-20.48764885,-16.4844353,-8.131210093,-24.61564539,2.127600973,54.47189581,126.9135659,0,1.01325,42537.12409,55557.79116,0.005716612,4.628768124,4.744744971
67,-863.4804057,87.92,-718.2700137,-708.8146452,-750.441607,-22.10084249,-24.83886523,-11.35050144,-16.22638654,-8.173226896,-24.39961343,1.179597201,51.70686056,113.5040417,2.69469227,1.01325,42182.11549,56015.15143,0.005716612,4.625128356,4.748305514
68,-867.7499645,88.96,-738.417328,-709.8955468,-751.5395671,-13.77319463,-24.776077,-19.64321276,-16.1357466,-8.095029033,-24.23077563,1.248850649,48.04724813,100.9731606,0,1.01325,41353.04237,56682.51431,0.005716612,4.616507466,4.753449106
69,-866.1383319,90.05,-738.3796231,-710.2063268,-751.3152481,-13.69751257,-24.62140249,-19.39863689,-16.14665552,-8.082725179,-24.2293807,2.071151698,48.76677585,96.94771782,0,1.01325,40175.07122,57259.55405,0.005716612,4.603956655,4.757847961
70,-863.1600769,88.96,-738.1917454,-709.7810641,-750.9290239,-13.57484312,-24.57863601,-19.50863702,-16.07379188,-8.167076329,-24.24086821,0,49.96269673,100.2680788,0,1.01325,40976.38718,56872.60177,0.005716612,4.612533665,4.754903097
71,-864.1673546,85.29,-738.1495213,-709.6049281,-750.2015808,-13.32444207,-24.48212728,-19.47098013,-16.16883236,-8.193873878,-24.36270624,0,52.478005,102.0069335,0,1.01325,41316.30917,56611.27628,0.005716612,4.616121519,4.752902946
72,-873.7396451,93.57,-738.1370163,-711.9629354,-759.5898187,-16.5906928,-25.39021953,-19.66297141,-14.52677486,-8.128929836,-22.65570469,1.355782651,27.61597645,76.84937121,0,1.01325,40145.81326,58176.96581,0.005716612,4.60364026,4.764751067
73,-877.2450686,94.52,-738.0962437,-715.583698,-763.2947143,-17.88188462,-24.90978585,-18.08563143,-13.85205564,-8.148066842,-22.00012249,1.752456676,21.42921303,49.64545044,0,1.01325,40104.06789,58072.43894,0.005716612,4.603188427,4.763970066
74,-875.8577985,94.25,-738.0781972,-715.7761397,-758.9723729,-16.37958241,-24.08941694,-17.20893509,-14.59031637,-8.196704296,-22.78702067,2.285037109,28.78973126,48.43687045,0,1.01325,40848.12192,57117.33801,0.005716612,4.611172094,4.756767959
75,-875.0880933,94.57,-738.2422857,-714.0833921,-760.4423156,-16.88067501,-24.95196973,-18.56628826,-14.45697619,-8.121633195,-22.57860939,1.499013448,26.0923253,60.21070385,0,1.01325,40359.15415,57488.23956,0.005716612,4.605942056,4.75957901
76,-874.4143076,93.57,-738.2515135,-714.644332,-758.5283824,-16.21438594,-24.45354933,-17.89600071,-14.79671202,-8.130423164,-22.92713518,2.07485212,29.74391034,56.34580949,0,1.01325,40902.21012,57215.80698,0.005716612,4.611746775,4.757516028
77,-873.0355715,92.94,-738.227316,-713.2803539,-756.3139789,-15.44566161,-24.4700329,-18.33061396,-15.16379022,-8.161855435,-23.32564566,0,34.58913719,66.18958922,0,1.01325,41469.71543,56705.57849,0.005716612,4.617731055,4.753625785
78,-874.1683227,93.26,-738.3538162,-714.0365108,-756.3746821,-15.45891861,-24.32116966,-17.93590168,-15.24751902,-8.081192323,-23.32871134,0.997780584,34.50344416,61.1703421,0,1.01325,40581.10584,57501.9919,0.005716612,4.608323877,4.759682889
79,-874.2513238,93.71,-738.1860248,-714.6284039,-756.8670209,-15.64058869,-24.13285598,-17.58829031,-15.03683295,-8.145276515,-23.18210947,0,33.29201717,56.12364431,0,1.01325,40682.67274,57408.07887,0.005716612,4.609409477,4.758973014
80,-875.3107503,93.62,-738.3001566,-715.7095017,-757.3471875,-15.80051423,-23.95113383,-17.06336051,-15.03839291,-8.105887406,-23.14428031,0,32.2550994,49.83389321,0,1.01325,40760.25292,57377.12368,0.005716612,4.61023687,4.758738773
81,-876.068912,94.34,-738.134745,-715.6215861,-758.9418759,-16.36546246,-24.16276178,-17.32229342,-14.63776769,-8.168830372,-22.80659806,0,28.86989544,49.60451764,0,1.01325,40604.68312,57289.97284,0.005716612,4.608576126,4.758078616
82,-873.0755901,93.26,-738.2077875,-713.7811329,-755.2423592,-15.07413727,-24.12033671,-17.83093265,-15.33560349,-8.161079784,-23.49668328,1.652580961,37.20519724,62.22862182,0,1.01325,41200.35675,56878.57495,0.005716612,4.614900977,4.754948707
83,-872.5669641,92.99,-738.2388284,-713.5782761,-753.4034378,-14.43258441,-23.87961534,-17.6480943,-15.67855196,-8.165003131,-23.84355509,0,42.2091993,63.93516209,0,1.01325,41033.31391,56544.01571,0.005716612,4.613136593,4.752386648
84,-868.7742341,91.04,-738.3573298,-711.7477961,-750.1386783,-13.28965555,-23.93517673,-18.24603764,-16.33466027,-8.103328109,-24.43798838,0,52.8424705,80.45720041,0,1.01325,41039.30655,56975.76531,0.005716612,4.613200014,4.755690167
85,-876.5271974,94.89,-738.1483836,-716.2801105,-757.2251623,-15.7674976,-23.67140647,-16.6288234,-14.94649193,-8.181488406,-23.12798034,0.985718024,32.46552509,45.89756058,0,1.01325,41319.66846,56896.62067,0.005716612,4.616156828,4.755086473
86,-872.4009953,92.4,-738.1007625,-713.4569391,-751.580791,-13.80719584,-23.52238224,-17.3449409,-15.89262774,-8.235466685,-24.12809443,0,47.73015352,64.05575898,0,1.01325,41382.3202,56075.82417,0.005716612,4.616814837,4.748775665
87,-867.735129,89.77,-738.1188663,-711.2923942,-747.8354331,-12.5033382,-23.53991036,-18.01899464,-16.55748789,-8.223430677,-24.78091856,1.738485799,61.67075202,83.13396837,0,1.01325,41984.55128,56198.73093,0.005716612,4.623089516,4.749726508
88,-869.1940345,90.86,-738.0793237,-711.9678772,-748.3253935,-12.67621525,-23.39743454,-17.67584918,-16.44280464,-8.211893305,-24.65469795,0,59.60588083,76.400689,0,1.01325,41425.55346,56768.38718,0.005716612,4.617268319,4.754106556
89,-867.1242524,90.36,-717.719231,-711.0152845,-745.7704623,-20.65914252,-23.27209529,-8.959138058,-16.92591001,-8.204872756,-25.13078276,1.682714425,71.02513574,86.02731242,2.878806538,1.01325,41529.72153,56511.11701,0.005716612,4.618359019,4.752133892
90,-875.6919734,92.94,-738.1007625,-716.0724112,-754.7018875,-14.8927946,-23.26916839,-16.29571382,-15.34982836,-8.209824583,-23.55965294,1.94391019,38.55842459,46.84733468,0,1.01325,41447.74533,56643.84215,0.005716612,4.617500911,4.753152704
91,-868.1422239,91.13,-717.3565312,-710.7367585,-745.2610083,-20.63667771,-23.26382489,-8.882379371,-17.0085927,-8.204602476,-25.21319518,1.611254485,73.53553135,88.88002231,3.063142898,1.01325,41580.44604,56580.14753,0.005716612,4.618889144,4.752664076
92,-872.2506176,89.77,-717.6056792,-713.5391478,-748.6815297,-21.70882075,-22.99187964,-7.879775724,-16.39516281,-8.204394999,-24.59955781,1.183008113,58.18579232,63.4178063,2.920132734,1.01325,41294.26745,56782.8624,0.005716612,4.615889766,4.754217281
93,-866.2076441,88.51,-718.0959451,-710.0119142,-745.3762218,-20.3497811,-23.49623697,-9.665110376,-16.97758247,-8.237333279,-25.21491575,1.228348986,72.9509921,96.79839032,2.694154124,1.01325,41534.51016,55972.47765,0.005716612,4.618409093,4.747974532
94,-865.7971483,87.78,-716.1985461,-710.9151289,-743.9657493,-20.64854122,-22.92265076,-8.04507193,-17.15168836,-8.250252171,-25.40194053,1.810516603,80.24238699,86.12975108,3.659109696,1.01325,40974.10165,56440.7034,0.005716612,4.612509441,4.751592418
95,-873.147182,90.41,-718.275291,-714.7454248,-749.3785639,-21.63124033,-22.70263787,-7.557879054,-16.21615637,-8.205612478,-24.42176884,1.259546194,55.42803321,54.51451677,2.571670386,1.01325,40335.95665,57376.71549,0.005716612,4.605692362,4.758735684
96,-869.5374652,92.49,-717.8995563,-713.0261729,-747.559988,-21.15373915,-22.89714049,-8.124743216,-16.5157986,-8.254426297,-24.7702249,1.836123931,62.75128443,66.82303648,2.728920064,1.01325,40803.10204,56462.96165,0.005716612,4.610693181,4.751763654
97,-870.4209514,88.6,-717.5027445,-712.7319193,-749.1598158,-21.86658641,-23.24071461,-8.409558166,-16.20528465,-8.220293674,-24.42557833,1.244628804,56.22244104,68.93683977,2.901041364,1.01325,39983.61932,57574.5444,0.005716612,4.601882104,4.76023051
98,-875.7594187,92.67,-737.9797502,-716.7200079,-753.2329322,-14.38936994,-22.74895669,-15.59344006,-15.51510338,-8.289133071,-23.80423645,1.509875155,42.56654059,42.8796518,0,1.01325,41175.53741,55846.02487,0.005716612,4.614639276,4.746992265
99,-869.8527305,91.31,-717.5338143,-712.988078,-746.966105,-21.10162675,-22.79860658,-7.885629182,-16.60995724,-8.318974248,-24.92893149,1.603731313,65.33764903,67.04561125,2.903347704,1.01325,40998.82582,55143.18877,0.005716612,4.612771419,4.741491877
100,-867.3215354,89.19,-717.1016253,-712.406347,-742.9363737,-19.96185026,-22.38577366,-7.350995215,-17.45870184,-8.207194266,-25.66589611,1.816933726,86.26617158,73.20072867,3.234444166,1.01325,41588.09706,56036.82675,0.005716612,4.618969049,4.748473534
101,-873.3072536,90.72,-718.1700505,-713.5233837,-746.4621179,-20.69020989,-22.60879867,-7.748765413,-16.77862205,-8.170242455,-24.9488645,1.535441707,67.72367494,63.5244176,2.645174296,1.01325,38932.59984,57577.60429,0.005716612,4.590313406,4.760253591
102,-867.3068937,90.86,-716.4045971,-712.1764025,-743.9210616,-20.54133114,-22.52789438,-7.359155764,-17.15530186,-8.273387402,-25.42868926,1.46744263,81.0528496,74.74725813,3.533063944,1.01325,41725.48321,55973.62213,0.005716612,4.620401375,4.747983412
103,-869.5900166,91.13,-717.0630764,-713.5037005,-744.6379554,-20.53574958,-22.29565039,-6.96220774,-17.09334346,-8.226765109,-25.32010857,0,76.70660402,63.64965644,3.203718592,1.01325,41456.4571,56339.34413,0.005716612,4.617592184,4.750811787
104,-867.172628,92.94,-716.6026018,-712.3183889,-743.2211203,-20.23558358,-22.39865113,-7.237089319,-17.32462937,-8.21677364,-25.54140301,0,84.49121498,73.21144612,3.44954881,1.01325,41356.40287,56722.32499,0.005716612,4.616542757,4.753754024
105,-867.409731,90.05,-715.6887187,-713.2852504,-742.5377012,-20.38809268,-21.97485286,-6.132368953,-17.42924408,-8.232984642,-25.66222873,11.87167859,88.50987379,65.10032617,4.024442494,1.01325,41531.77594,56513.42613,0.005716612,4.618380502,4.752151637
106,-863.9979672,87.56,-715.0411483,-710.1933891,-739.3573037,-19.5873698,-22.39866648,-7.179706546,-18.0302566,-8.191426954,-26.22168356,0,110.0883618,94.78613826,4.537961908,1.01325,40055.04031,56928.21559,0.005716612,4.602657173,4.755327571
107,-867.6784118,92.22,-716.33907,-713.8538478,-745.7444274,-21.14850535,-22.2511796,-6.626719165,-16.72713468,-8.379023055,-25.10615773,2.14549654,70.91545339,59.74674757,3.484246414,1.01325,43219.15344,54832.18661,0.005716612,4.635676256,4.739035565
108,-870.8111273,92.53,-716.6396994,-714.6399896,-746.7836472,-21.36222288,-22.16709026,-6.459640398,-16.51231725,-8.382489721,-24.89480697,2.290460317,66.01794299,54.15634409,3.284158606,1.01325,43058.46054,55110.14992,0.005716612,4.634058499,4.741231592
109,-874.9253461,91.72,-717.5201634,-716.2492862,-751.6771303,-22.64893302,-22.47950407,-6.713919474,-15.59615564,-8.397328338,-23.99348398,0,47.19626027,44.32227492,2.78105189,1.01325,41952.61239,55465.77593,0.005716612,4.62275901,4.744025093
110,-870.5092441,90.14,-715.1617104,-709.6662238,-738.6924086,-19.24029101,-22.34838524,-7.437374119,-18.01910534,-8.218108932,-26.23721427,0,114.9729997,99.39831009,4.3186546,1.01325,38508.60506,57695.65438,0.005716612,4.585557787,4.761143103
