Sample,Period,Clostridium_sensu_stricto_6,Propioniciclava,Streptococcus,Anaerolineae_SJA_15,Clostridium_sensu_stricto_12,Clostridium_sensu_stricto_3,Ornatilinea,Anaerolineae_SBR1031,uncultured_Ardenticatenales,Bacteroidetes_vadinHA17,Syntrophobacter,Smithella,Syntrophorhabdus,Syntrophomonadaceae,Syntrophomonas,Syntrophus,Methanosaeta,Methanolinea,Methanobacterium,Micrarchaeales,Candidatus_Methanofastidiosum,Methanomethylovorans,Methanospirillum,Methanomassiliicoccus
3,Stage1,20.6653742,0,13.5190648,2.230011154,0.036260294,0.048347093,3.426602469,2.97032644,3.571643846,1.172417818,3.831509606,0.474406126,0.426059034,0.138997978,0,0.096694285,9.557622219,1.111983828,0.673838096,1.118027227,0.19036677,0.19641017,0.00302,0.090650886
4,Stage1,24.21196478,0.023656007,20.50092236,1.753504584,0.029570108,0.050269114,2.930392909,2.365604753,3.019103133,0.987639973,2.957005916,0.354840698,0.381453805,0.138979238,0,0.082796123,8.359455807,1.055651091,0.623928272,0.863445738,0.186291351,0.195162354,0,0.059140116
5,Stage1,23.9436271,0.029530204,27.95436578,1.688590804,0,0.032214804,2.673825824,2.131543858,2.4832218,0.896644408,2.271141175,0.295302036,0.265771832,0.187919523,0,0.040268505,5.906041015,0.8268457,0.593288672,0.65771818,0.201342324,0.102013412,0,0.08053691
6,Stage1,22.30076029,0.0502496,34.93350293,1.480687393,0,0.0502496,2.187531389,1.735285291,2.505778687,0.757093596,2.180831489,0.261297799,0.224448099,0.170848499,0,0.0502496,5.309704873,0.753743596,0.505845697,0.475695998,0.147398699,0.127298899,0,0.0703494
7,Stage1,21.08563645,0.012667801,41.49987674,1.292120707,0,0.069673206,2.220040684,1.744996345,2.223207685,0.753737063,1.80833555,0.262857922,0.174182914,0.142513312,0,0.038003503,4.082214639,0.582721148,0.411705134,0.36103373,0.155181213,0.091841908,0,0.044337504
8,Stage1,20.2342465,0,43.66192934,1.180381912,0,0.122003301,2.171658622,1.686695517,2.00390412,0.768620808,1.680595417,0.250106803,0.176904802,0.176904802,0,0.057951601,3.464893635,0.558165106,0.427011504,0.329408903,0.088452401,0.103702801,0,0.054901501
9,Stage1,24.27248889,0,37.95697849,1.431710564,0,0.143171086,2.1042816,1.598188548,1.921155817,0.792435125,1.754677833,0.20643268,0.159818885,0.153159785,0,0.033295597,2.956648819,0.429513159,0.412865361,0.31297857,0.126523288,0.049943395,0.006659999,0.039954696
10,Stage1,30.05307548,0,32.65958083,1.504014829,0,0.15992916,1.789845758,1.847692444,2.113106878,0.857492688,1.684360584,0.210970448,0.112290672,0.210970448,0,0.027221993,2.705185132,0.551245264,0.340274816,0.244997939,0.105485174,0.115693471,0,0.078263181
11,Stage1,30.8247007,0,34.6071859,1.463121733,0,0.159230925,1.303890807,1.811627188,1.751539978,0.877272139,1.412047725,0.156226525,0.114165518,0.228331136,0,0.042061007,2.286315564,0.447649171,0.318461851,0.219318035,0.108156817,0.093135015,0,0.039056606
12,Stage1,28.27281031,0.018525396,37.12793969,1.732122584,0,0.142027866,1.114610032,2.006915618,1.719772387,0.744102621,1.327651881,0.194516453,0.194516453,0.234654744,0.018525396,0.024700494,2.420649019,0.503272679,0.29331843,0.302581127,0.129677669,0.061751285,0,0.052488587
13,Stage1,34.35630403,0,36.69998531,1.559506151,0,0.120869119,0.893252144,1.356092318,1.370832421,0.701630413,1.040653468,0.18867373,0.112025018,0.191621731,0.035376306,0,1.942749613,0.445152072,0.244686239,0.253530341,0.091388815,0.085492814,0,0.06190861
14,Stage1,36.06467105,0,38.06700387,1.39320891,0,0.152281001,0.648004105,1.150207408,1.091887008,0.712804605,1.040046707,0.174961101,0.0712805,0.171721101,0.0421203,0.0259202,1.603810311,0.320762102,0.243001602,0.220321402,0.074520501,0.0615604,0,0.0259202
15,Stage1,39.05275289,0.020605202,31.29930818,1.477687636,0,0.167785215,0.994937092,1.256917616,1.351112824,0.815377475,1.368774426,0.153067214,0.164841615,0.097138809,0,0.047097604,3.502885022,0.456258142,0.341457731,0.32673973,0.091251608,0.070646406,0,0.035323203
16,Stage1,38.76964777,0,28.29136461,1.59202304,0,0.280547607,1.088389427,1.375697134,1.443299036,0.770660819,1.696805842,0.209565705,0.182524905,0.138583703,0,0.060841602,3.833023596,0.611796515,0.38871051,0.38195031,0.158864304,0.077742102,0.00676,0.070981902
17,Stage1,37.61470817,0,23.13954307,2.095790815,0.142087508,0.343378119,1.45639698,1.610325089,1.888579804,0.893967249,1.983304809,0.236812513,0.201290611,0.162808609,0,0.053282803,4.36623074,0.790361743,0.408501622,0.520987529,0.195370311,0.103605506,0,0.044402302
18,Stage1,42.06830034,0.020916097,16.0725469,2.157348704,0.603579517,0.552783224,1.419308406,1.655361773,1.834642849,1.015925961,2.139420607,0.29282576,0.340634053,0.259957564,0,0.056772292,4.762900147,0.887441278,0.400394345,0.528879128,0.167328977,0.095616587,0,0.029880196
19,Stage1,37.47474795,0,13.23491336,2.173012226,0.875420911,1.206941214,1.820771822,2.061642125,2.113442125,1.025641012,2.595182631,0.354830404,0.310800304,0.170940202,0,0.085470101,6.824656882,1.041181012,0.510230506,0.81067081,0.186480202,0.121730101,0,0.082880101
20,Stage1,37.28640331,0.014529797,11.51051701,2.423572655,1.017086871,1.848192084,1.792978797,1.86562788,2.092292929,1.063582261,2.772288076,0.374869116,0.328373726,0.328373726,0.031965593,0.081366982,6.863883156,1.049052464,0.549226876,0.650935554,0.209229253,0.156921965,0,0.069743084
21,Stage1,30.0177998,0.022657398,9.389868149,2.692992185,0.521119858,1.741381961,2.197766424,2.207476723,2.404919708,1.265576899,3.482763921,0.446674164,0.37546527,0.482278661,0.042077997,0.090629593,8.334681333,1.340022593,0.563197855,0.864217431,0.233047381,0.181259085,0,0.093866292
22,Stage1,49.15668682,0,11.23258541,2.234651728,0.573494651,1.873039285,1.19501598,1.358871609,1.486000954,0.856004328,1.737434644,0.285334776,0.2288329,0.262733986,0,0.02260079,4.887417674,0.867304723,0.457665701,0.446365306,0.18363132,0.079102666,0.005649998,0.04520158
23,Stage1,48.19846387,0.028963703,12.63685465,2.21861812,0.787812178,2.395296537,1.41632404,1.427909541,1.523489651,0.802293979,1.72044277,0.266465926,0.251984025,0.240398524,0,0.040549204,4.411168837,0.91235599,0.324393232,0.448937044,0.150611115,0.083994708,0,0.060823706
24,Stage1,53.15753623,0.045432196,11.23993583,1.831827842,1.224853195,3.216602523,1.252112492,1.097642906,1.377505482,0.825049429,1.617387661,0.170825185,0.203536382,0.22716118,0.016355599,0.021807498,3.461936602,0.58153265,0.376178968,0.370727068,0.11448929,0.070874294,0,0.049066796
25,Stage1,60.97298007,0.030216012,9.892736809,1.504759579,1.840157808,3.997584239,0.846049626,0.731228582,0.833963121,0.507629795,0.948784165,0.117842645,0.105756241,0.114821044,0,0.018129607,2.405198126,0.356549437,0.271944505,0.274966106,0.066475326,0.039280915,0.012086405,0.039280915
26,Stage1,58.53322737,0.052290991,11.08568998,1.300738375,1.90535297,4.712725485,0.902019544,0.705928378,0.81051036,0.709196577,0.908555943,0.124191079,0.11765468,0.081704686,0,0.016340897,2.183148822,0.352964139,0.248382157,0.271259553,0.075168287,0.039218193,0.016340897,0
27,Stage1,60.5755801,0.067906193,12.79870523,0.688763032,1.92400951,8.087307199,0.533548847,0.261923974,0.662894034,0.371867363,0.963621605,0.109943389,0.048504395,0.032336297,0,0.006469999,1.034761398,0.174615983,0.155214185,0.223120478,0.035569896,0,0,0
28,Stage1,54.34304019,0.085157421,16.4069933,0.946193337,2.529490332,7.686244322,0.671797268,0.485712621,0.64025756,0.498328525,0.592947848,0.100927325,0.015769904,0.091465323,0,0,1.740995835,0.274396069,0.249164262,0.236548359,0.072541518,0.059925615,0.022077806,0.031539808
29,Stage1,50.983224,0.108002389,18.83724062,0.835489916,2.79991002,9.832289717,0.582805142,0.454424955,0.491105051,0.364762664,0.717298628,0.118191288,0.118191288,0.083548992,0,0,1.310292669,0.271024773,0.144682386,0.220080278,0.038717796,0.022415598,0.008149999,0.014264499
30,Stage1,40.83340369,0.131019669,18.05834749,1.514715447,2.185791791,7.007955467,1.255871607,1.108873942,1.297414498,0.766944521,1.84386237,0.17256256,0.217300949,0.17256256,0,0.054325187,4.879684463,0.616751256,0.367494214,0.508100782,0.159780063,0.073498883,0.022369195,0.047933989
31,Stage1,42.17399426,0.065648341,18.78804354,1.484661928,2.065397091,7.440984351,1.045323253,1.022598839,0.861002938,0.696882136,1.363465052,0.164120803,0.179270412,0.156545998,0.035349122,0.040398925,3.368263705,0.593359771,0.318141799,0.356015923,0.141396388,0.065648341,0.030299219,0.032824121
32,Stage1,49.67944213,0.252449734,11.85849218,1.155953896,1.82361682,6.264738452,1.043015826,0.860321974,0.737418806,0.744062204,1.318717453,0.176050454,0.156120159,0.149476761,0.029895392,0.023251994,2.806841962,0.398604795,0.262414831,0.259093132,0.11293807,0.056468985,0.013286797,0.023251994
33,Stage1,50.04412969,0.136452954,9.858727668,1.53910928,2.137094478,4.944413829,1.292289963,1.159850308,1.33242315,0.752498046,1.723722217,0.234779421,0.26688601,0.192639535,0.032106589,0.05819318,4.701607711,0.563871909,0.278925906,0.519725324,0.172572842,0.084279772,0.014046595,0.064213178
34,Stage1,55.41672228,0.250501029,10.73323246,1.290817051,1.924437325,4.426500618,1.090416228,1.02558072,1.052104323,0.592361269,1.567841783,0.150300618,0.206294924,0.17093012,0.026523603,0.017682402,3.424496501,0.477425456,0.318283637,0.300601235,0.117882814,0.067782608,0.023576603,0.061888507
35,Stage1,54.79677962,0.257646079,12.48219593,1.212452272,2.306690408,4.261769708,0.74868923,0.724440222,0.630475194,0.545603468,1.112424942,0.118214136,0.13033864,0.148525446,0.042435813,0.036373611,2.691644026,0.333424402,0.272801784,0.287957388,0.06668492,0.072747122,0.015155605,0.048498115
36,Stage1,39.91426707,0.859947183,14.56103433,1.905156197,2.795519468,5.9615628,1.542927631,1.493155849,1.19175956,1.039678816,1.656296889,0.129959852,0.204617624,0.21567802,0.116134357,0.077422871,4.067466999,0.467302428,0.536430102,0.21567802,0.071892673,0.141020248,0.038711486,0.038711486
37,Stage1,40.10892842,1.039152429,17.23580009,1.937003626,3.550192081,5.949368409,1.554312942,1.304092087,1.024433525,0.947895409,1.415955612,0.13541363,0.18251404,0.223726849,0.079481917,0.020606405,3.211658007,0.491610308,0.526935616,0.244333254,0.126582328,0.108919624,0.064763014,0.052987912
38,Stage1,44.19633969,1.038973578,19.69818777,1.304593575,4.372151491,5.615628944,1.0977391,1.024869873,0.726341264,0.74044497,0.944948844,0.11047914,0.162192759,0.119881544,0.079921029,0,2.595083445,0.291476806,0.331437321,0.209205076,0.086972932,0.091674133,0.063466723,0.023506209
39,Stage1,42.74978713,1.104453129,21.88825374,1.172469313,4.73522154,5.538460143,1.075303337,0.900404679,0.709311526,0.767611112,0.906882378,0.132793467,0.197570852,0.116599171,0,0.012955497,2.587853666,0.340080917,0.317408822,0.24291494,0.03886639,0.068016183,0.08097168,0.029149793
40,Stage1,29.05684052,1.855589274,19.72768486,1.90981097,6.383106466,9.015874287,1.662800787,1.400728905,1.045275129,1.02418883,1.62364059,0.156640689,0.234960984,0.228936284,0.081332694,0.021086199,3.08762819,0.491008167,0.500045166,0.186763887,0.108443493,0.090369594,0.075307995,0.051209397
41,Stage2,31.67156877,2.031507092,24.2559449,1.365970395,5.984844676,7.929109068,1.251308595,1.196470395,0.867440997,0.785183697,1.206440995,0.129617599,0.149558799,0.139588199,0.0673015,0.0249265,2.54997759,0.363926399,0.466124898,0.209382299,0.0822573,0.1021985,0.0822573,0.0623162
42,Stage2,32.94946599,1.958325368,27.77857482,1.0661044,6.182835162,6.923977202,0.920726473,0.758245343,0.632821319,0.592913611,1.077506503,0.122573523,0.148228428,0.091217517,0.05130981,0.034206606,2.628203794,0.42758198,0.256549148,0.171032832,0.085516416,0.034206606,0.05130981,0.05130981
43,Stage2,27.08091884,2.365335852,26.27409261,1.303111394,6.460414263,8.877990623,1.358254202,1.239261885,0.928720838,0.713954106,1.54399833,0.142210421,0.101578815,0.150917122,0.110285616,0.046436007,2.501741773,0.316345547,0.351172552,0.20025543,0.101578815,0.06675181,0.046436007,0.046436007
44,Stage2,29.48506015,2.945269485,31.05479168,0.880344306,6.566979897,7.521765095,1.000096993,0.880344306,0.676441028,0.65702163,0.948311999,0.122989287,0.113279588,0.116516188,0.074440892,0,1.948408992,0.174774181,0.236268875,0.19095708,0.080913991,0.045311795,0.042075295,0.022655898
45,Stage2,27.69590566,3.659238457,34.24515168,1.056793832,6.56362412,6.455788007,0.812365302,0.851905206,0.654205682,0.621854878,1.099928237,0.132997817,0.136592417,0.093457912,0.046729006,0,2.045291456,0.262401233,0.23723943,0.258806632,0.061107108,0.046729006,0.050323506,0.039539905
46,Stage2,27.10980733,4.659356977,33.14859894,1.057164991,6.535749606,6.080957796,1.027046397,0.903559821,0.719836057,0.680681765,1.108366781,0.117462777,0.132522074,0.087344083,0.04818989,0.027106795,2.310101343,0.259020449,0.283115444,0.234925553,0.066261087,0.069272886,0.04818989,0.021083096
47,Stage2,21.95096207,6.324560422,32.32822057,1.165323565,7.123343061,6.355681816,1.199902958,1.020090394,0.778035043,0.802240538,1.452332107,0.124485575,0.162522867,0.107195978,0.082990383,0.031121394,2.679898459,0.383830622,0.34579333,0.307756038,0.093364181,0.069158686,0,0.055326889
48,Stage2,24.86455974,6.12395438,33.41653877,1.216848775,7.42589746,5.301376029,0.930364558,0.80555955,0.717628744,0.694936943,1.276414779,0.119132007,0.107786107,0.107786107,0.102113206,0.025528302,1.903276218,0.272301817,0.263792416,0.226918214,0.096440206,0.053893103,0.059566004,0.031201202
49,Stage2,20.43755527,7.826780591,28.72473474,1.789670795,7.020217158,6.476738769,1.401966431,1.467737742,1.048878573,0.962337459,1.748130988,0.193852132,0.145389124,0.083079514,0.090002815,0,2.717391748,0.342702957,0.318471353,0.231930238,0.083079514,0.090002815,0.048463008,0.051924709
50,Stage2,23.73957456,8.357346644,30.64980186,1.549378319,7.006288776,4.437419508,1.413033052,1.100058629,0.802578003,0.89244188,1.496699432,0.130147768,0.136345266,0.052678887,0.034086292,0.037185091,2.550276673,0.291283128,0.291283128,0.148740363,0.102258975,0.049580088,0.024790094,0.061975085
51,Stage2,21.11029884,9.158126395,27.53538459,2.130307615,6.151781732,5.175695779,1.634943988,1.420205077,1.007808754,1.100536859,1.869204601,0.18545631,0.18789651,0.112249906,0.100048805,0.014641301,2.22059552,0.290385616,0.353831119,0.278184515,0.124451007,0.082967304,0.053684703,0.070766204
52,Stage2,23.93504305,9.720167733,29.56357698,1.893576809,5.237059349,4.555603681,1.510801727,1.238219441,0.83804546,0.971436853,1.644193021,0.124691894,0.156589792,0.101493395,0.113092595,0.0087,1.919675108,0.197187191,0.278381887,0.226185289,0.092793996,0.081194696,0.031897898,0.040597398
53,Stage2,22.18237557,11.24194791,25.14997052,2.424858369,4.957629254,5.179802087,1.552036336,1.532992933,0.980734549,1.171168478,1.913860691,0.171390526,0.212651232,0.136477621,0.158694924,0.053956308,1.977338701,0.253911839,0.342781052,0.282476943,0.123782019,0.044434607,0.034912905,0.072999711
54,Stage2,22.8567146,12.0653477,24.6942446,2.5629496,5.0869305,4.6552758,1.6936451,1.4538369,0.9202638,1.1211031,1.9574341,0.1558753,0.2278177,0.1019185,0.0899281,0.0689448,1.9694245,0.278777,0.3447242,0.2817746,0.0869305,0.0659472,0.0269784,0.0629496
55,Stage2,27.9503518,11.50375308,28.86545906,2.371679361,4.99350914,3.53060404,1.17475708,0.943605364,0.683955547,0.829612756,1.215921083,0.113992608,0.139324309,0.053829804,0.034831102,0.00633,1.725721317,0.269149218,0.189987713,0.208986414,0.088660906,0.063329204,0.031664602,0.072828605
56,Stage2,21.40138039,14.13171586,26.76435808,3.597776563,4.938520912,3.274380876,1.623715638,1.462017844,0.912918965,1.05103586,1.563078941,0.192016193,0.168435194,0.090954997,0.074111497,0,1.997641824,0.296445989,0.394138485,0.117904696,0.107798596,0.060636698,0.080848897,0.040424498
57,Stage2,23.00450383,13.51139376,24.01078028,3.762450684,5.433893066,3.510028872,1.487242573,1.272342762,0.791376739,0.941465446,1.64074238,0.177377509,0.160322008,0.040933302,0.095511005,0,2.340019215,0.392277319,0.313821815,0.20125531,0.139855407,0.057988803,0.037522202,0.064811003
58,Stage2,21.51761161,16.35162327,16.85297819,4.088752717,7.103657314,4.332655076,1.55826534,1.385501169,0.77913267,1.151761308,1.744579609,0.199864467,0.091463385,0.077913287,0.091463385,0,2.659213656,0.426829229,0.294715351,0.267615155,0.132113778,0.050812992,0.033875294,0.023712696
59,Stage2,20.32820985,18.6068954,11.69273493,4.768940249,7.88721697,4.21978954,1.775908353,1.624972223,0.963422292,1.229969045,1.881884874,0.170204634,0.125244925,0.089919418,0.09955362,0,2.697582337,0.462442692,0.311506562,0.311506562,0.157358931,0.089919418,0.05138251,0.067439513
60,Stage2,18.68147258,20.45144713,8.624147427,5.198852491,9.733068712,4.304907765,1.675026575,1.623073885,0.87782143,1.142959278,1.581869993,0.191687563,0.121820076,0.080616284,0.125403076,0.010748798,3.50770262,0.587602886,0.318882038,0.229308456,0.123611576,0.041203892,0.082407684,0.059118589
61,Stage2,20.63942626,21.35438677,6.55942548,5.196953581,11.05828085,3.939027729,1.440038432,1.396196513,0.792526948,1.085930577,1.632268317,0.15850537,0.043841919,0.057331725,0.134898259,0,3.095913959,0.593552161,0.266423917,0.229327001,0.134898259,0.047214421,0.060704227,0.057331725
62,Stage2,20.91927454,22.27527129,4.847847676,5.818690472,12.46180155,4.147567652,1.511968237,1.340081355,0.792589714,0.977208994,1.467404942,0.203717878,0.105041989,0.063661793,0.098675789,0,3.211738853,0.541125442,0.267379671,0.267379671,0.098675789,0.035013996,0.073211092,0.050929494
63,Stage2,20.07335007,23.00506182,3.942108683,6.481755168,13.18197453,4.277607327,1.433671412,1.402462199,0.715860406,1.082568162,1.486336835,0.18725508,0.128737855,0.050714922,0.07022063,0,3.157978248,0.536407629,0.251624007,0.230167698,0.083874636,0.039011417,0.050714922,0.040962017
64,Stage2,17.16806255,25.94266851,2.70888395,6.596608895,13.97185172,3.947619855,1.423865636,1.320410819,0.805858934,1.034548672,1.459258042,0.111622319,0.127957321,0.057172409,0.125234821,0.029947505,2.608151633,0.492771882,0.258637143,0.217799736,0.106177318,0.068062411,0.070784912,0.040837407
65,Stage2,17.45514597,24.69161982,2.400476816,6.626717696,14.31525219,4.33837999,1.412251327,1.324642719,0.802495172,1.145921003,1.492851234,0.234791121,0.10863471,0,0.094617309,0,2.919119963,0.490608444,0.245304222,0.238295521,0.098121709,0.066582606,0.094617309,0.038547803
66,Stage2,16.83520982,23.52922501,1.790370823,6.92297919,13.93499988,3.892386951,1.50416592,1.319722717,0.74095271,1.173440215,1.348343218,0.333905704,0.076321301,0,0.089041501,0,3.590281847,0.502448607,0.238504103,0.276664804,0.092221601,0.0349806,0.127202202,0.057241001
67,Stage2,16.08025462,22.97125766,1.631981117,7.190449095,13.74457517,3.836652944,1.446698881,1.216499736,0.718670639,1.130408919,1.23895814,0.321904562,0.078604615,0.041173808,0.076733015,0.005610001,3.518491483,0.544617606,0.248914548,0.224584544,0.095448419,0.011229202,0.087962317,0.048660009
68,Stage2,14.92948395,25.03480463,1.213606921,7.593366129,13.88535824,3.831487265,1.446643725,1.364929523,0.708189612,1.131892719,1.380061723,0.296592205,0.111978702,0.030264501,0.115005102,0.030264501,3.50765696,0.59015801,0.275407105,0.199745803,0.108952202,0.0211852,0.081714201,0.0242116
69,Stage2,12.89903716,27.15670122,1.029262697,8.063085876,14.17215606,4.430580187,1.342791996,1.174942996,0.630225498,1.190777796,1.304788396,0.304028399,0.1045098,0.0348366,0.082341,0,3.38231569,0.478211299,0.256523899,0.221687399,0.0665062,0.0411705,0.1140106,0.0285027
70,Stage2,11.57503092,27.65923601,0.658250395,7.743186846,13.56568181,5.176964364,1.539097489,1.37691989,0.798168294,1.198842492,1.233821991,0.324355298,0.136737999,0.0413394,0.139917999,0,3.300791777,0.562851796,0.213056899,0.248036398,0.0604191,0,0.136737999,0.0317995
71,Stage2,10.38452347,29.0024414,0.532627729,8.150923048,13.71774245,4.937974872,1.474176181,1.298924471,0.73536994,1.116800161,1.26799777,0.343630819,0.127143407,0,0.134016007,0.013745201,3.367582085,0.663207436,0.302395117,0.268032015,0.113398206,0.041235702,0.116834506,0.037799402
72,Stage2,9.313603848,28.18964818,0.310237968,7.930459298,9.397626594,4.311015737,1.780636965,1.748320448,0.956567218,1.467167295,2.0294737,0.416882326,0.213288616,0.051706328,0.116339263,0.035548119,5.183560209,0.921019099,0.3684076,0.429808933,0.122802567,0.038779721,0.090486049,0.051706328
73,Stage2,8.745704999,30.96220106,0.226804113,8.402062379,9.319588131,4.659794066,1.7457046,1.481099784,1.082474262,1.316151275,2.195876425,0.340206219,0.247422714,0.048110003,0.154639209,0.037800702,4.292096445,0.69415814,0.288659816,0.336769819,0.140893508,0.034364302,0.103092806,0.065292104
74,Stage2,7.917134715,32.88583724,0.156465073,7.698083553,7.741893745,4.875452847,1.589685522,1.7148576,1.176617594,1.358117162,2.118537629,0.359869737,0.244085557,0.05945679,0.118913479,0.031292995,4.991237127,0.80110136,0.434973024,0.431843724,0.140818575,0.065715388,0.128301378,0.05632749
75,Stage2,6.578295149,33.26090342,0.127281826,8.354031313,7.720726783,5.147151155,1.701229749,1.570843522,0.971687799,1.294548865,2.064448423,0.369427576,0.176952736,0.003100001,0.062088713,0.021731004,5.119211249,0.77921286,0.400471982,0.431516288,0.124177325,0.065193113,0.130386227,0.052775411
76,Stage2,6.304844516,34.84356576,0.13035738,8.387382692,7.296832162,5.398701958,1.774131723,1.532493761,0.953834251,1.437110276,1.952180795,0.406969337,0.155792976,0.054050592,0.079486188,0,4.54978949,0.83301527,0.391072039,0.324303649,0.174869573,0.057230091,0.073127289,0.076306788
77,Stage2,5.883107529,34.14837046,0.157439761,8.52102737,6.181921755,5.658193485,1.365549259,1.574398006,1.1984703,1.362336159,2.274844431,0.456254086,0.195996451,0.054621986,0.070687282,0.028917493,4.906338173,0.828968693,0.292388227,0.44018879,0.128522268,0.051408887,0.125309269,0
78,Stage2,5.407873119,35.07715968,0.125984279,8.485038017,6.507085539,5.697636871,1.445669064,1.552755647,1.029921132,1.307086387,2.02519657,0.456692826,0.201574767,0.06299209,0.113385782,0.037795294,4.718109431,0.658267593,0.324409347,0.321259748,0.113385782,0.072440888,0.12283458,0.044094493
79,Stage2,4.428432288,35.09438299,0.108930237,9.13756927,6.183884578,6.447830866,1.686323567,1.453799388,1.110250273,1.569014127,2.375516598,0.538366681,0.205291569,0.052370318,0.071223624,0.037706613,3.617740116,0.607495404,0.17805896,0.349833618,0.104740635,0.046085815,0.085887329,0.064939122
80,Stage2,3.226650249,37.73234958,0.113266723,9.723514954,5.550070816,5.764987259,1.582830218,1.524744706,1.016496504,1.408573683,2.181111038,0.354321671,0.165543733,0.066798313,0.139405228,0,3.766845557,0.604089321,0.307853262,0.281714757,0.145213829,0.037755608,0.110362522,0.055181211
81,Stage3,3.142103079,39.8542879,0.095308442,9.982787382,5.653940882,4.780792899,1.546455779,1.524934569,0.894669293,1.361987898,1.973806467,0.375084665,0.178318978,0.043042519,0.083010536,0.049191422,3.71395353,0.574924952,0.338191148,0.258255013,0.172170076,0.039968018,0.104531846,0.070712731
82,Stage3,2.52643579,40.51836092,0.065409387,10.32922501,5.813255126,4.774881835,1.507140196,1.370870723,0.956611607,1.321813733,1.845088427,0.400632219,0.152621769,0.05178239,0.122642475,0.024528495,3.924560407,0.752207448,0.256186548,0.286165842,0.122642475,0.054507789,0.122642475,0.057233188
83,Stage3,2.4252361,40.18627967,0.046864492,10.35118899,5.910780825,4.613220839,1.487946754,1.508450051,0.978295739,1.320992182,1.745701312,0.412993132,0.178670771,0.029290295,0.111303082,0.008789999,4.17972461,0.711754083,0.292902952,0.289973852,0.149380475,0.055651591,0.108374082,0.05858059
84,Stage3,2.066605086,40.89772055,0.071080696,10.50151322,5.707515786,4.633407645,1.376859224,1.529551016,0.90298795,1.27945233,1.956035192,0.36066868,0.197446389,0.047387097,0.089508995,0.0079,3.914702985,0.710806861,0.294853184,0.334342482,0.131630893,0.028958798,0.118467793,0.028958798
85,Stage3,2.480923141,39.78031867,0.054751412,10.25220083,6.00896681,5.416967281,1.51250763,1.361941197,0.96499351,1.341409492,2.032645943,0.444855197,0.171098137,0.030797707,0.109502824,0,3.332991827,0.629641137,0.266913058,0.27375706,0.130034628,0,0.09239302,0.037641608
86,Stage3,2.128374772,39.34132729,0.039206903,10.28901173,5.091296512,4.833651092,1.520667723,1.529069224,0.924162775,1.305029806,1.783914144,0.565699646,0.159628113,0.036406403,0.095216808,0.036406403,4.231545143,0.795340064,0.271647822,0.302453224,0.151226612,0.030805402,0.081214307,0.044807904
87,Stage3,2.040168316,39.86101795,0.047593389,10.74657865,5.409777518,5.038549406,1.408763166,1.243772905,0.942348377,1.259637401,1.700669097,0.533045574,0.12691557,0,0.072976483,0.012691597,4.150140216,0.701208734,0.33632632,0.272868535,0.117396972,0.053939087,0.088840879,0.04124759
88,Stage3,1.929039973,39.93863574,0.039168299,10.59503205,5.206123227,4.99069743,1.39700358,1.331723081,0.953095887,1.315402882,1.609165377,0.509188193,0.097920799,0,0.137089098,0,3.773215347,0.574468792,0.326402695,0.231745897,0.140353198,0.045696399,0.084864699,0.048960399
89,Stage3,1.264146958,41.53715719,0.028372404,10.51984621,4.117146915,4.530122566,1.484820986,1.267299458,1.04347293,1.065540333,1.963998845,0.47602536,0.145014318,0.047287306,0.094574612,0,3.820813178,0.684089486,0.331011041,0.31840114,0.110337014,0.037829805,0.097727112,0.056744707
90,Stage3,1.47697183,40.2304193,0.079172202,10.80564602,4.335362787,4.561959191,1.430560529,1.307707026,0.843593917,1.272216025,1.668077233,0.546015511,0.125583603,0.027300801,0.073712101,0.00819,4.01594378,0.647028313,0.313958906,0.292118306,0.133773803,0.051871501,0.106473002,0.038221101
91,Stage3,1.11141728,40.19166518,0.073482099,10.44364821,3.857812031,4.546707018,1.500260173,1.301246077,0.949144183,1.325740176,2.029943963,0.661339188,0.205137596,0,0.094914398,0.030617599,4.271149023,0.817488685,0.293928495,0.275557995,0.153087797,0.033679299,0.113284998,0.039802799
92,Stage3,1.092828823,38.56697866,0.067915908,11.05177165,4.142870868,4.374402394,1.438582563,1.173093133,0.8829069,1.305837848,1.633069085,0.592720667,0.142006016,0.033958004,0.080264309,0.012348301,4.352792792,0.784120089,0.290186233,0.35501504,0.117309313,0.027783803,0.080264309,0.015435402
93,Stage3,1.064290594,38.60219027,0.0495019,11.03892083,4.448982073,4.476826873,1.280861292,1.039539594,0.931254294,1.262298092,1.559309391,0.637336796,0.142317899,0,0.089722199,0.0154693,3.576511379,0.708495796,0.256790998,0.228946199,0.099003799,0.0309387,0.114473099,0.0247509
94,Stage3,0.890480967,38.67125067,0.057209711,10.77034252,3.907669335,4.651395074,1.484964079,1.303385545,0.907892571,1.176529321,1.634206707,0.604432614,0.146755228,0.022386404,0.166654231,0.027361105,3.524613263,0.656667523,0.345745365,0.276098852,0.111931921,0.047260209,0.126856224,0.042285408
95,Stage3,0.833561075,37.25061378,0.051926798,11.58513215,4.307187671,4.67067486,1.500409855,0.98387537,0.910084673,1.254441062,1.623394351,0.642251981,0.068324698,0,0.106586497,0,3.68133359,0.746105478,0.303361591,0.256900792,0.128450396,0.021863899,0.114785497,0.079256598
96,Stage3,0.810019199,37.43228655,0.077407938,11.44532244,4.368021653,4.544954141,1.437576709,1.080947133,0.857016923,1.133473959,1.658742418,0.66902613,0.152051375,0.04146852,0.110582855,0.016587408,3.593941872,0.580559786,0.309631953,0.257105027,0.154815976,0.022116611,0.088466244,0.044233122
97,Stage3,0.906839626,39.31149618,0.045341996,11.76101194,4.258658251,3.972654974,1.349795889,1.109134609,0.868473329,1.077744012,1.293990294,0.652226947,0.146489488,0.041854097,0.048829796,0,3.41111202,0.554567255,0.226709881,0.216246382,0.090683993,0.038366297,0.104635291,0.041854097
98,Stage3,0.660623601,40.22484335,0.078824412,11.7410824,4.05382642,4.44607168,1.452621122,1.161721578,0.799504622,1.223654987,1.490156528,0.739448013,0.120113418,0.013137402,0.099468915,0,3.160483184,0.681268004,0.360340155,0.245857038,0.116359818,0.033781905,0.110729517,0.048796107
99,Stage3,0.581299571,40.41547569,0.071629346,12.08056311,4.082872205,4.168276359,1.42707681,1.236983589,0.746598076,1.157089238,1.352692463,0.685988638,0.09366916,0.002750002,0.118463876,0,3.220565155,0.738333171,0.286517383,0.212133035,0.107443969,0.024794816,0.096424062,0.041324626
100,Stage3,0.728102311,41.73307719,0.06249801,12.09962375,4.37798887,4.240493149,1.253085992,1.034342858,0.78747552,1.062466963,1.281210196,0.52185878,0.13124592,0,0.103121816,0,3.084279072,0.662479401,0.315615148,0.243742437,0.06562291,0.046873507,0.071872811,0.024999204
101,Stage3,0.724929509,41.51564024,0.063766901,12.54866446,4.63820656,4.383138757,1.278695117,1.114243514,0.77191571,1.134380515,1.261914416,0.630957208,0.097328501,0.0268492,0.171163902,0,2.637938034,0.594039508,0.359108605,0.208081603,0.083903901,0.0369177,0.114109301,0.0369177
102,Stage3,0.757575448,41.21934167,0.056882774,12.21170183,4.951388703,4.509254308,1.416898743,1.116971282,0.871340996,1.116971282,1.241079124,0.584341429,0.113765547,0.015513493,0.142207034,0,2.963076525,0.483503776,0.328368848,0.178405117,0.062053971,0.023270189,0.08532416,0.049126077
103,Stage3,0.75934589,38.01340829,0.095302511,12.38625326,5.758116779,5.475283446,1.650885595,0.974545115,0.873094003,1.057550525,1.512543178,0.808534295,0.153713718,0.030742704,0.153713718,0.015371402,2.238072064,0.42732425,0.430398451,0.215199225,0.098376812,0.024594203,0.110673913,0.033817004
104,Stage3,0.787034361,37.77764724,0.152429531,12.78230832,6.028745136,4.983513722,1.508741709,0.930131491,0.824363969,1.101225926,1.284763563,0.808809966,0.09643502,0,0.161762033,0,2.280221967,0.516394106,0.357742873,0.183537638,0.093324219,0.031108106,0.093324219,0
105,Stage3,0.60228459,37.97063316,0.118676818,13.34520299,6.005044695,4.782673913,1.60807024,0.878208131,1.011719451,1.014686351,1.21050308,0.756564413,0.121643718,0.023735404,0.169114425,0,2.029372802,0.445037866,0.33229495,0.13351132,0.115709817,0,0.115709817,0.023735404
106,Stage3,0.671721248,36.29889336,0.118199873,13.6506441,6.593246703,4.58096586,1.770115198,0.890823498,0.934067288,0.870643002,1.14740364,0.812984515,0.112434074,0,0.164326663,0,2.170841607,0.423789804,0.380545914,0.187390057,0.123965772,0.017297496,0.080721882,0.028829193
107,Stage3,0.453632004,36.58341351,0.12919903,13.0548408,6.724089947,4.846397915,1.745622001,1.04220524,0.801033784,1.013494333,1.108240255,0.677576956,0.114843526,0,0.143554433,0.005740001,2.446167663,0.488085112,0.333046277,0.13207013,0.08900372,0.025839806,0.094745922,0.04306631
108,Stage3,0.57608606,35.30584586,0.119464854,13.20750307,7.773179713,4.568866865,1.590209919,0.966337937,0.788468056,1.064564581,1.109695702,0.844218282,0.079643236,0,0.124774356,0,2.306999043,0.456621206,0.358394562,0.151322168,0.053095524,0.015928607,0.08760754,0.04513112
109,Stage3,0.627223565,33.80771753,0.102703278,13.039648,8.751786218,5.091148105,1.569892962,0.825294223,0.729926843,1.166415749,1.140739955,0.825294223,0.099035279,0,0.168726764,0,2.127424943,0.37046542,0.32644973,0.161390865,0.069691485,0.018339896,0.106371277,0
110,Stage3,0.90963142,34.14616404,0.423328516,13.16516549,7.945280627,4.548157099,1.560367791,1.158030771,0.839659734,1.133540676,1.140537874,0.836161234,0.125948975,0.024490095,0.146940471,0,2.361543132,0.517790197,0.374348326,0.192422062,0.062974488,0.034985793,0.122450376,0.045481591
